Sentence,Label,Year
He fought anyone going to war and the freedom of  the Lebanese decision is respectful.Our land and your priests help  them confirm the freedom of the Palestinian decision.,Distant_Evaluation,1982
We are waiting and we want to confirm the freedom  of the Lebanese decision and his response to take the  son of Janabah and see the respected state.,Distant_Evaluation,1982
"Steadfastness and gathering to steadfastness, awareness of the cloak, can  Lebanon in general and south in particular to bear it  and I think that the Palestinian revolution and the national  forces can overlook his poetry with this fortified stronghold, adding  that Israel is sweeping it.",Distant_Expectations_Consequences,1982
"Therefore, it calls for a patriotic resistance to be established  and the Lebanese resistance, Sami Ayyad, comprehensively to the Zionist  danger, finds the south, so the Palestinian resistance becomes powerfulSupport  for the identity of the south keeps merely up to  the Palestinian revolution with every official contribution that wants to  support a southern national residence capable",Distant_Expectations_Consequences,1982
"The leaders of the meeting are called for the committee  to reach the difficulties of the difficulties of the formation  of the oversight body with a Lebanese -Syrian understanding, as  these conditions show the danger of Israel to attack the  south and the difficult Palestinian resistance is unacceptable to implement  the powers of the control form by preventing the resistance  weapons that Saudi Arabia and Kuwait are ready to attend  the follow -up meeting of the Follow -up Committee is  again",Cause_General,1982
"Earth and people, and achieve the Lebanese Palestinian solidarity and  ensure the protection of the Palestinian revolution and the strengthening  of its struggle against the Sahabi enemy.Enhancing the unit of  the two revolutionary powers and the south of resilience to  confront the Israeli aggression",Distant_Expectations_Consequences,1982
"The lack of withdrawal of the South, except to confirm  the arrival of a president of the republic in Lebanon,  is ready to enter, such as negotiations and acceptance of  the resettlement of the Palestinians, Lebanon, control their armed presence  and their feet, and this can be achieved by the  path of establishing a strong country capable and central authority,  so the threats of Israel to strike the Palestinian resistance  on the other hand that it violates the cease -fire  that allows the south to violate the place of the  worldThe resistance targets as much as the south itself targets  its goals, which are threats that will be carried out  by the appropriate time, Emile Khoury, her special needs",Cause_General,1982
"In Berout Western, he said when the Palestinian resistance began  with active practices and abuses.",Distant_Expectations_Consequences,1984
"And they know, you mentioned, France can play the role  of the mediator because this case is with me to  the sponge and I can complete the executioner to be  a mediator and I want to see the Lebanese army  and in those who support the positions that learn that  the army is based on its correct theory and its  good belief to change their organization and since it exists  my compositionSouthern and the generation, and he learned this well  regarding the positions of people and their support for this  army.",Distant_Evaluation,1984
We reject the political solution.,Distant_Evaluation,1984
"Asi, I announced Lebanon, a just solution.",Distant_Evaluation,1984
The most important bold and violent strikes are directed by  the Lebanese resistance fighters and the Palestinian revolutionary fighters to  the enemy soldiers in southern Lebanon and its mechanisms.,Distant_Evaluation,1984
"And why is another West Bank, Israel sets its Litani  borders and prevents entry and exit, which puts an end  to the Lebanese national resistance and limits it or surrounded  it.",Cause_Specific,1985
"In order not to invoke Israel to return the Palestinian  resistance to the south, its withdrawal, because it means the  return of the situation that was before the invasion.",Distant_Expectations_Consequences,1985
"Requesting the palm, we say the Palestinian resistance, the Lebanese  national resistance shares the implementation of the operations of the  Israeli forces, the southern forces, Yasser Arafat recently stated, stressing  the determination to escalate the guerrilla operations inside the occupied  land in southern Lebanon.Luban and his consent to establish his  land resistance",Main,1985
He praised the sons of the south who presented the  most expensive for them to liberate their land with the  clutches of the imbalance.,Distant_Evaluation,1985
"The second aspect of the scheme and the judge warned  the fabrication of the suburbs of Sidon by the agents  and some Lebanese Palestinian forces, and the organization said a  statement issued yesterday, the time manifests itself daily by the  brilliance of the pictures in the fighters of the fighters  of the Lebanese national resistance foreheadPaid",Main,1985
"The relevant to deepen the southern national unity, the rule  of resistance to the occupation, rejecting Three, and addressing the  fascist patchy approach dreams of its owners to deal with  Israel.The Lebanese and the light of everyone under the banner  of the Lebanese national resistance and everyone realized that the  Lebanese -Lebanese -Palestinian Alliance is a long -standing pillar of  the Israeli occupation of the Lebanese scene",Distant_Expectations_Consequences,1985
"The basis is the Israeli settlement striker, eliminates a major  achievement of the operation of Lebanon's invasion of summer, which  resulted in the removal of the Palestinian resistance, the stronghold  of southern Lebanon",Cause_General,1985
"The meeting appeals to the sons of Sidon, urgently, to  pay attention to the defects of the Zionist enemy, and  to take care to keep their unity and full awareness  of the security and the Arab terror, its program for  the Sunnah has identified the international safety for solidarity, the  Arab people and its issue Palestine, its program for the  Sunnah, confirming the work.South and Algeria",Distant_Expectations_Consequences,1985
"The challenge is now directed to everyone, the methods, the  Lebanese legitimacy is paid by the South, committed alone, and  the relations with Syria affirmed the leadership of the Palestinian  National Liberation movement, the opening of the Palestinian camps the  south.",Distant_Evaluation,1985
"The relations of the brotherly struggle must return Syria and  called on its activists to circumvent the slogan alone.Individual, disintegrated,  divisional phenomena and all surrender projects",Distant_Evaluation,1985
"The result was that the south remained for years to  bear the act of the Palestinian resistance and Israel's reactions  and bears an Israeli invasion of the southern department that  ended with the entry of international forces to secure the  withdrawal, the occupied section is a broader invasion that included  the south, Beirut and other parts of Lebanon, Lebanon is  still suffering to the full withdrawal of its lands despite  the decisions of the clear and explicit security council",Cause_General,1985
"An official source, “The Popular Gabbia for the Liberation of  Palestine, the South, the sons of Sidon, the wonderful heroic  victory.",Distant_Anecdotal,1985
"Suleiman Dawood Daoud Datsen and Jean Alfoury Volkswagen were damaged.Since  the withdrawal of the Israelis, Sidon and its next to  the Palestinian Miyah camp, Mih, and the sons of the  town, the killing of a Palestinian girl and the injury  of the country's boy.",Main_Consequence,1985
"It called to strengthen the strong Lebanese national coalition, the  Palestinian resistance and Syria, and the movement of Arab national  liberation, and the state demanded that the resistance fighters and  withdraw the army, the West market, put it in the  natural place, the land of the south, and removed the  barrier barrier.",Distant_Expectations_Consequences,1985
"Supporting the Palestinian issue, supporting the national resistance forehead, southern  Lebanon.",Distant_Expectations_Consequences,1985
"The resistance attacked the southern barriers in the city of  Tire, and in the Al -Marafa area within the region  of Chamoun Perez, the Israeli Prime Minister, to the student  conference of the Labor Party, that Shiite terrorism behind the  terrorism of the Palestinian Liberation Organization in southern Lebanon will  raise more problems.",Main_Consequence,1985
"Arafat asked a message to the Secretary -General of the  United Nations and the Security Council to sift them to  put an end to the attacks.A statement distributed by the  Palestinian news agency, and in which the Palestinian resistance factions  stand idly by the residents of Ain al -Hilweh, the  water, and the Palestinian woman, in southern Lebanon, were killed,  destroyed and displaced by the Zionist enemy and its agents",Cause_Specific,1985
"The patriotic parties and the forces of confrontation and Arab  steadfastness, especially Syria, are an effort to drop the renewed  version of the second David David pushes it to a  strategic strategic position that is unique political solutions and the  alliance of the forces of change and the Palestinian resistance  revolution represented by the national rescue front and all the  national and national forces struggled, and when they still put  an end to the American Zionist ordersIts tools defeated the  Lebanese scene and dropped its tamarie approach to drop the  fateful May agreement and the liberation of our national soil,  the south, the western Bekaa, and Rashia, the abomination of  the Zionist occupation",Distant_Evaluation,1985
"Related to the case of Lebanon to the region’s issue,  in addition to the return of the Palestinian resistance to  the south, which would re -link the Lebanese issue to  the Palestinian issue that Lebanon made and made the effort  to separate its Palestinian issue issue and on the Middle  East issue and that President Assad himself confirmed the separation  a statement and called for work for that",Distant_Expectations_Consequences,1985
The accusations of Hamman praised Arafat's accusation of Amal of  having a secret agreement with Israel for his disturbance of  the activity of the Palestinian and Lebanese resistance south.,Cause_Specific,1985
"A press conference praised the position of the Progressive Socialist  Party, Hezbollah, the Nasserite Marks, the Almoravids, ""for their refusal  to fight, as wellAnd Israel",Cause_Specific,1985
"They said that they sent telegrams to the presidents of  Syria, the Libyan masses, Algeria, and the southern Yemen, and  to the Secretary -General of the University of Arab States,  which are accepted by immediate intervention.Palestinian and Lebanese national forces",Main_Consequence,1985
It was found that the camps war revealed an external  conspiracy targeting the two peoples and the Lebanese and uses  the methods and means available to the rhythm between them  and the stage requires awareness and awareness to confront the  conspiracy the effects of strife and expansion of the apartment.The  Israeli enemy is Lebanese lands,Distant_Evaluation,1985
"Fourth, we call on the family of justice to the  return to the Palace of Justice for the availability of  Tripoli.The camps, Beirut, Al -Lalat, the ranks, and the Lebanese  -Palestinian -Syrian Alliance, the confrontation, the last stage, the withdrawal  of the Zionist forces, the land of the south",Cause_Specific,1985
"He pointed out that the Israeli withdrawal in southern Lebanon,  the Palestinian and Lebanese resistance, forced the enemy to withdraw  Lebanon",Main_Consequence,1985
"Sources close to the Presidential Palace say that the beautiful  president expects Israel to withdraw completely the south and that  its previous date is late, perhaps for bargaining and extortion,  and Lebanon carried the acceptance of security arrangements.",Distant_Anecdotal,1985
"In its parallel to move Lebanon, in the direction of  Saudi Arabia, the results are inevitably reaped by the southern  resistance operations, which target the security belt.",Main_Consequence,1985
We ask the liberation of the south because a comprehensive  resistance can liberate it.He emphasized the reinforcement of the Palestinian  Tahrir alone,Distant_Expectations_Consequences,1985
He said that the committee also discussed American statements that  could hold talks and a Jordanian -Jordanian t and budget  and support the Palestinian resistance West Bank and Gaza Abu  Dhabi Sector.Tunisia was transferred to southern Lebanon and Iraq,Distant_Expectations_Consequences,1985
"After meeting his assistants, he condemned the attacks of the  attacks, the Palestinian camps are exposed to Lebanon, which aims  to enable the Zionist enemy to ensure the security of  southern Lebanon and lock the door of the south in  front of the Palestinian resistance.",Cause_Specific,1985
"The preachers welcomed the return of Tripoli and the port  to the atmosphere of democracy, and they condemned the domination  that took control of it before and warned the exploiters  of the circumstances, wearing the patriotism, praising the Syrian role  Lebanon, demanding the support of the southern national resistance and  the generalization of the Zahleh and Tripoli model, and they  carried the approach of Mr. Yasser Arafat, the head of  the Palestinian liberation committee, and accused him of standing behind  the events of Tripoli.Representative of the head of the government,  lawyer, Bassam Al -Dai, the celebration, because they allowed the  way to honor",Cause_General,1985
The first time is not to let people know details  that took place in the past.,Distant_Expectations_Consequences,1985
"The organizational official of the movement of Amal Al -South,  Mr. Mahmoud Fakih is a justification for the accumulation of  weapons, Sidon camps, calling for sending weapons to the national  resistance forehead.On the time the situation is heading the national  solution, and the convergence parties work to find the homeland  continuously fighting, separating and working",Distant_Expectations_Consequences,1985
"Until his uprising Beirut, the defeat of the Marines and  the escape were conditions for the arrogant Zionist enemy, entered  Lebanon to impose the American national and national forces, the  launch of the national resistance southern Lebanon, and it came  normalized for the uprisings of the Palestinian revolution.",Distant_Historical,1985
We are not against any national solution and will work  to restore the unity of the domination.One must honor and  enhance that some work to distort the position of the  Palestinian rifle,Distant_Expectations_Consequences,1985
"Gaza Abu Amal and the martyrs of the Lebanese national  resistance, Bilal Fahs, and Sanaa Muhaidali, and Sheikh Ragheb Harb  and Walla Lula and others.Al -Nahar yesterday launched the men  of the resistance, the attacks of the Israelis sites, the  South Lebanon Army.",Distant_Historical,1985
"As for Gemayel and Soskov, they offered the relations and  his Turkish visit to Moscow soon separating the south, the  situation of the rest of the Lebanese regions was the  past and before the war ignited Lebanon in a year,  the Palestinian resistance was launching its attacks on the Israeli  villages, and the shells fired in its inhabitants starting the  south and bearing the southerners as a result of displacement,  displacement, killing and destruction",Distant_Historical,1985
"Washiba, the delegation of the movement, and Zara Jumblatt, met  the fighting between “Amal and the Palestinians to be Ghalib  Omghlu, the Secretary -General of the Lebanese Communist Party, Mr.  George Hawi, called for an end to the bloody fighting  movement, and the Palestinian fighters benefit except the Israeli enemy  who is in the south, the Palestinian revolution, and the  national resistance.",Distant_Expectations_Consequences,1986
"We have proven and we will continue to prove the  conquest of South Lebanon, and for the Lebanese national resistance,  and we are with you the way to greet you,  brothers, the Palestinian land.",Distant_Evaluation,1986
"It was noted that the Israeli war boats, on the  memory of the first day, the pictures of the day,  a rhetorical party, the majestic camp, was attended by the  fans of the camps, and the Secretary of the Popular  Committee was given the camp, Mr. Hussein Abu Abbash, alive  the Lebanese cohesion of the south, and praised the movement.Rabies  and landsmiths.",Distant_Evaluation,1986
"At the end of the party, the women's union distributed  aid and gifts of the sons of the Palestinian resistance  men",Distant_Evaluation,1986
"The case, and with the fulfillment of the aspirations of  the people, has any attack, but we also accept that  the Palestinian citizen assaults the Lebanese citizen and that Lebanon  creates a situation that contributes to hitting the Lebanese national  resistance and isolating the southern region of the rest of  the Lebanese regions.Occupation and liberation of Lebanese and Palestinian land",Distant_Expectations_Consequences,1986
"This explained the movements of Yasser Arafat and his statements  clearly revealed his involvement of a plan that struck the  Islamic ranks, forgetting the Palestinian issue, in detail, detailing and  creative in doing what Israel can do, whether to help  its help continues to disrupt the implementation of international decisions  related to the south or the argument of stabbing the  Lebanese national resistance, its back is a way to try  to hit the national and Islamic row supporting the supporter",Distant_Evaluation,1986
"Here, the focus must be facts that occurred before the  invasion, including that Israel prevented the deployment of the Lebanese  army the south and contributed to the facilitation of receiving  the south to the Palestinian resistance.Disturbance",Cause_General,1986
"The struggle was alone, the life of Al -Arbiya carrying  the ladder by the show, and I am a lesson  and a lesson for strikes that were revealed since today.Religion,  as the work blocks the basic issue, and the occupation  of Israel's occupation of southern Lebanese and the practices of  Israel occupied lands blocks our Palestinian judicial issue and the  national resistance championships",Distant_Evaluation,1986
"Simple weapons can participate in the hope of the south  and the Lebanese, so he attributed the Arabs.",Distant_Evaluation,1986
"Therefore, his speech was mentioned by the Egyptians and the  Syrians who carried out the operations of the south of  the south of the Arabs and the fighting of the  Arabs.",Distant_Evaluation,1986
"Otherwise, how does the author of the statement agree to  the Palestinian Liberation Organization to publicly apologize to Israel, a  statement issued by me, the occupation of the southern villages,  the attack, the people of Lebanon, Beirut, the suburban, the  south, the killing of innocent people, our people, the destruction  of buildings, housing houses, and the attempt of its sources  of national decision and the southern resistance road, the south,  meaning that the transfer of its crime commit the right  of Lebanon that political permitsAnd legitimate situations and private ends  can change or change the reality",Distant_Evaluation,1986
"He praised the role of the Lebanese national resistance, the  Palestinian resistance fighter, to defeat the Israeli occupation, the land  of the south",Distant_Evaluation,1986
"The experience was fought by Lebanon, the Palestinian resistance movement,  before the south, and Beirut, a harsh experience.",Distant_Evaluation,1986
"He criticized the absence of national responsibility, the projects of  Arab consensus, which were spectators hitting the Palestinian and Lebanese  resistance, the southern days of the occupation.",Distant_Evaluation,1986
"And ensuring that he played the national and nationalist and  anti -Zionist role and for the Emraniya, and his brother  struggled and the weapon between us and you, and in  the Lebanese national powers and the revolutionary Palestinian resistance factions  and between the masses of the Lebanese and Palestinian brotherly  peoples.And the sacrifice, Beirut and all the fronts",Distant_Evaluation,1986
"The work organization, the lobby, is an opposition to the  prevailing forces, the national regions, the communist work organization, Lebanon,  that the neighborhood of the Lebanese national resistance forehead and  the upgrading of the level of true frontal work remained  a policy of struggling for the practices of the prevailing  forces, southern regions, and calling for the establishment of the  relationship Lebanese and Palestinian resistance and stopping the civil war,  a rule of concern and the entrepreneurship of the military  body and the pluralThe call to the secular democratic solutions  for sectarian liquidation and practicing a policy opposition to the  prevailing forces.",Distant_Expectations_Consequences,1986
The national areas constitute an integrated national struggle program,Distant_Expectations_Consequences,1986
"He stressed the necessity of an understanding of Israel's strategy  for the region, the world, and regional problems made by  Israel, considering that the slogan of crawling Jerusalem is fictional,  as Jerusalem is a symbol of the Palestinian Islamic liquidation  and that the slogan represents a strategic slogan and that  the qualitative operations of the resistance were able to reveal  the Israeli mask because it dropped the theory of the  South Lebanon Army",Distant_Evaluation,1986
"The necessity was necessary to fulfill the meeting in order  to stimulate the fateful cohesion of the Lebanese national and  Palestinian forces, the rule of participation.",Distant_Expectations_Consequences,1986
"The south, the contractors, have their destiny, the Arab and  international day, liquidating the Palestinian resistance, Lebanon, and ensuring the  security of Israel.",Distant_Expectations_Consequences,1986
"The success of the camp war plan will lead to  the establishment of the beams and the semi -final paralyzing  of the comprehensive resistance against Israel with all its frameworks  and bodies, and the Lebanese Muslims will make a foci  of the conflict, so they will be around them and  will spend a great aspect of the Palestinian issue and  in any hope of reform the political correction of the  Lebanese Muslims another side and will now make the south  towards the comprehensive resistance with all its frameworks and paperThe  Lebanese Muslims have been, along with the bargain, the international  and regional conflict is to settle the Palestinian issue in  the interest of the Israelis",Distant_Evaluation,1986
"And because America is behind the type success, and because  Israel and its median, the Lebanese, Palestinian and Arab natural  reactions have now come now the southern resistance to the  positions of the faith, the reasons for the moderate Peres,  the view of America and the successful Israeli accounts and  the American American also as usual because the Middle Eastern  successes can be one side",Distant_Evaluation,1986
"Yenqiqah, the third and a half back, brought the leadership  of the Popular Front for the Liberation of Palestine.The military  was the reception of the detained soldiers, Deputy Secretary -General  of the Organization",Main,1986
"As they see the Palestinian judiciary and the heroic resistance  in southern Lebanon, and they shed on you after the  tears of crocodiles",Distant_Evaluation,1986
What is required is to unify the line of the  Lebanese resistance Palestinian resistance in order to liberate the south  and Palestine,Distant_Expectations_Consequences,1986
"Because Lebanon is a permanent war, only eleven years old,  and this week is a week of anniversary.Beirut is a  year that resists it, and what war can describe the  process of a monkey when an Israeli commando is picked  up.",Distant_Evaluation,1986
"He said that the Palestinian revolution, under the leadership of  the Palestinian National Rescue Jebel, whose ranks appeared and surrendered,  tightened the hands of the heroes of the national resistance  Lebanon and wish to achieve more victories because the Zionist  enemy destroyed in southern Lebanon constitutes a victory for the  Lebanese people only a victory for the Arab nation and  its central issue.And the monopoly of medicine, foodstuffs, livelihood and  gasoline",Distant_Expectations_Consequences,1986
"She went on to the difference at the time of  the exchange of random bombing sometimes, but the economy of  the shells, due to the high prices and the occurrence  of everyone's crises, the second episode, the regional storm, its  clouds southern, the points of the meeting of the entire  hurricanes are all the Israeli crisis to the Palestinian tragedy  to the Iranian revolution to the Lebanese resistance to the  Syrian worries",Distant_Evaluation,1986
"The resistance and the inventors serve the feet of the  south’s movement, and on the ground, the target is prevented  by the Lebanese and Palestinian masses, with the shooting of  one of its rational patrols, makes us clear that the  truth is that it is incompatibleEntering the material materials of  their father and continuous provocations",Main_Consequence,1986
"He added that the legitimacy position is clear to return  to the Palestinian resistance to the south, and that the  state is responsible for the security of the Lebanese and  Palestinian citizen, and that the security of the camps must  be the protection of the Lebanese authority when its sovereignty  extends the land",Distant_Expectations_Consequences,1986
"Sixth, not to return to the year and support for  the Lebanese national resistance, and consider the support as a  duty and the right of all Lebanese as an exception,  considering the liberation of the land of the south and  in the western Bekaa and in what other spots are  occupied by a Lebanese duty to distinguish or sort the  basis of the region or the sects of the doctrine  of the party, as the inch of the land of  Lebanon was expensive for all Lebanese Jumma and announces the  meetingFinally, the Palestinian issue is the case of all Arabs,  Muslim and Christian officials, whether whether its sanctity can be  lost, the Jerusalem will affect what events are transient.",Distant_Expectations_Consequences,1986
"The declared cities, the parties to the conflict, the concern,  Lebanon, is only a risk, a tourist, who arrange their  conditions in cooperation with Israel, and the Muslims and the  Palestinians will be broken.Its national line rejects all the humiliating  betrayals of our people",Distant_Expectations_Consequences,1986
"The Lebanese national resistance is supported by Syria, which is  fighting the battle to liberate the south.",Distant_Evaluation,1986
"Sidon The Islamic Group issued a statement that the Arab  rulers stated that the intensification of the operations of Islamic  resistance southern Lebanese and in the depth of the occupied  Palestinian territories, so that our Israeli enemy was confused and  expedited his departure",Distant_Expectations_Consequences,1986
"His characteristic accused a murmur movement, Amal, an association with  the Zionist enemy, that they blew up the situation around  the southern camps in order to empty the south, withdraw  the Palestinian weapons, and their displacement becomes the south.The Palestinian  National Time revives the loyal efforts made by Syria with  steadfastness and the Lebanese national forces to stop the bleeding",Distant_Evaluation,1986
"As long as Israel occupies the land of the south  and the occupied land is still intending, so let him  recover the land except for the actions of the resistance  after it has now refused to implement any decision of  the international decisions in general through the year and until  the present day.",Distant_Evaluation,1986
"And if the confrontation ends with Abu Ammar, Lebanon, then  the final withdrawal of Syria will be the Palestinian paper  and he will choose completely independently the path of peaceful  settlement wants, and if the confrontation ends with the overcoming  of President Assad, then he will hold the entire Palestinian  heat and his influential speech returned, i.e.",Distant_Expectations_Consequences,1986
"peaceful settlement, and the possibility becomes the search form the  form of security arrangements that allow IsraelSouth withdrawal and an  end to the resistance work and for the activity of  the fundamentalists",Distant_Expectations_Consequences,1986
"Golding was informed of the Lebanese authority that Israel wants  security arrangements and guarantees to protect its northern borders, a  clouds and the ""security belt"" abandoned because it is afraid  that the actions of the resistance will continue against it  after its withdrawal, especially after the resistance line entered a  new element of Hezbollah and the Palestinian guerrillas returned to  the region and these stop their operations, liberating the southThey  will continue to reach the liberation of Palestinian lands and  Jerusalem",Main_Consequence,1986
"This is due to several considerations, the most prominent of  which is Israel, hitting the Palestinian presence, the south has  come to growth.The desire will be during the highlighting of  the terrorist face of Lebanon and its depiction of a  scene of numbers for terrorists and their perpetrator to the  world during persuading the world to give Israel a green  light to strike terrorism to rid torment, pain and danger",Distant_Expectations_Consequences,1986
"South Yemen described it as a major catastrophe and confirmed  the solidarity of the Palestinian mass revolutionary, Atwi to sell  the Anana Frishi south -day tapes, the South Lebanese army  recruits were wounded by an attack by the men of  the resistance, one of its locations, Beit Lev Bint Jbeil",Main_Consequence,1986
"We appreciate the right to appreciate the sacrifices made by  the brother Syria to support the national forces and progressive  Lebanon, especially its support for the Lebanese national resistance from  the Israeli enemy in southern Lebanon, as well as its  political support for the Lebanese, the basisThe abhorrent Israeli occupation  is the initial degree, the existing, strong, Lebanese, Palestinian and  steadfast coalition coalition, and the steadfast Syria.",Distant_Evaluation,1986
"The committee holds a meeting before this afternoon to discuss  ways to spread the strength of the chapter, which will  be led by Captain Walid Sukayeh, which is expected to  start moving at noon.The Israeli invasion, and Beirut came out  with an American agreement, for permission to be able to  exploit the name of Palestine, the resistance, and the camps.",Main,1986
"This we find the features of the scene now and  I was asked for the current situation in the south.The  destruction and burning of the land, Lebanon, despite the struggles",Cause_Specific,1986
"The reality of the West Bank, and in southern Lebanon,  the reality crosses the spirit of the nation and its  aspirations of glory and liberation, is met by another reality  and the foot of the war.",Cause_General,1986
"Fourth, the security of the south is responsible for the  movement of Amal, in recognition of the Lebanese and Palestinian  national forces, their acceptance and movement of hope, requested the  delivery of the used weapons to clashes to the rescue  forest factions and did not ask for themselves.",Distant_Evaluation,1986
"The Palestinian resistance is the forefront of the Mujahideen to  confront Israel, the resistance, it started to operate the policy  of the Arab world and the internal policy of Lebanon.",Distant_Evaluation,1986
"It proves that the current customary role is liquidating the  Mujahid Al -South resistance, liquidating the Palestinian resistance and turning  it into a personal guards of Arafat and limiting its  role to destroy the victory.",Cause_General,1986
"Khaddam Haqqa, the leadership of the Palestinian resistance, represented by  the legitimacy of us in the rescue front and the  Lebanese national parties, and Minister Nabih Berri, as the interest  of the rescue front for the movement of hope is  the bombing of the southern situation as long as the  issue ended Beirut.",Distant_Evaluation,1986
"What do you think of you, and we will answer  the place of the Palestinian, Islamic and Lebanese resistance, the  land of the south and inside Palestine",Distant_Anecdotal,1986
"The source added that the Palestinian camps, Beirut, witnessed a  new bloody permit process, during which the Amal gangs and  the Sidis Major General, with the assistance of the Israeli  intelligence, were able to implement the agreement of the conclusion  of the American envoy Richard Murphy and the right of  the parties to protect the borders of Israel and its  security, the broken resistance of the south and the Bekaa,  the end of the Palestinian presence, Lebanon.",Distant_Anecdotal,1986
"He praised the cooperation of the Lebanese and Palestinian resistance,  the great south of our southern, and said that cooperation  is the largest response to the last period of time.",Distant_Evaluation,1986
"The south had the east of the war Makiya, the  number of hospitals, Lebanon, water, the number of family and  the Machata, the number of dispensaries, the Machata, doctors, and  the legal statements with water, the teachers, the students, the  official and private schools, the number of schools.The glorious of  the Palestinian resistance and participated",Main_Consequence,1986
"The series of attacks launches our resisting people, the foregoing  areas surrounding the camps.The battle of self -defense was fighting  to drop the targets of “the bright conspiracy, the forefront  of which was the resistance against the occupation and the  sinking of the Palestinian issue",Cause_General,1986
"The battle that is now southern Lebanon, especially or the  outskirts of Beirut, is seen by the Marason, fighting the  Palestinian resistance and the Lebanese national resistance.",Cause_Specific,1987
"They returned the armed Palestinians to Lebanon, but they returned  to Syria through the Palestinian national rescue hide",Distant_Evaluation,1987
"And Rai helps keep it burning is a destructive factor  for the Lebanese, the resistance, the south, the Palestinians, and  the Palestinian cause",Distant_Evaluation,1987
"The Deputy Secretary of the Popular Organization, Dr. Osama Saad  and the pillars of the leadership of the Democratic Front,  was attended by the Sidon area, members of the popular  committee, and the leaders of the Palestinian resistance, the south,  and representatives of local and humanitarian social and humanitarian institutions,  and Saad gave a word in which we are pleased  to open the exhibition memories of the divorce of the  democratic forehead, especially at the time when the two Lebanese  national issues pass throughAnd Palestinian conditions are difficult",Distant_Historical,1987
"The nature of the distinguished relations Syria and Lebanon said  Syria and Lebanon one people and the decisions of the  struggle of the repentance of Lebanon and the presentation of  its assistant, President Assad confirmed the unlimited standing of Syria  alongside the poor national resistance.Al -Assad makes us persevere that  the Palestinian issue must win, even though Raf Yasser Arafat,  the American Zionist conspiracy, and the systems of compassion and  the response.",Distant_Expectations_Consequences,1987
"In Baalbek, a member of the leadership of the organizer,  Mr. Salim Al -Haq, spoke a political symposium that held  the headquarters of his people, the anniversary and the goals.Government,  Mr. Rashid Karami, Minister of Labor, President Salim Al -Hoss,  political and social activities, the Bekaa, South and Beirut, the  popular committees.",,1987
"Mahmoud Al -Hajj, the head of his municipality, Eng.",,1987
"Ahmed Al -Kalsh, Mufti of Sidon and the south, Sheikh  Muhammad Salim Jalaluddin, Al -Aqsi MP, the Maronite Maronite Monsignor  Hanna Al -Helou, Deputy Secretary -GeneralDr.",,1987
"Ghassan Hammoud, representatives of the Lebanese national parties, and the  Palestinian resistance factions.",,1987
"The south and popular delegations were the reception, the political  official of the Baath Organization, the South, Eng.",Distant_Evaluation,1987
"Muhammad Muhammadiyah, the commander of the thunderbolt forces, Lebanon, Lt.  Col. Abu Al -Fawz, and the military official, the pioneering  Baath forces, Ahmed Al -Adasi, and the commander of the  security secret, Captain Shadah.",Distant_Evaluation,1987
"Mon Monday, the Fadlallah, the ministerial meetings do not contribute  to the arrival of a Palestinian solution to the West  Bank, the Great Jordan, and that its hideout in the  Golan will open, and that the forehead strengthens inside Palestine  to integrate the south of the south.",Distant_Expectations_Consequences,1987
"The Palestinians did it, they did the land of Lebanon  and at the expense of its people, especially in the  south, and they used to defend the resistance and the  Israelis.",Distant_Evaluation,1987
"The escalation of the Israeli raids considered the Palestinian camps  and villages attacks an open attempt to achieve the remarkable  rising, the processes",Cause_General,1987
"The decision comes at the time of Israel continues to  launch its brutal attacks by Lebanese villages and the southern  Palestinian camps, and the indicators warn of their extensive aggression  against brotherly Lebanon to strike the escalating national resistance and  its liquidation.The Palestinian National and the pressure, the south and  the capital, the capital, communicating and interconnected the starting points,  goals and conflicts",Main_Consequence,1987
"On the fifth anniversary of the ugliest operation, Lebanon is  exposed to its capital, BeirutThe general Zionist aims to strike  the aggressive presence of the resistance and the disturbance of  the balance of the strong in the interest of the  hostile forces, and the cultivation of Elias and the despair  of the souls of our people to pass the plots  of liquidation",Distant_Expectations_Consequences,1987
"The resistance was held, unfortunately, the ceasefire of the Israeli  enemy, the Israeli enemy, concluded another agreement that represented the  withdrawal of the Palestine Liberation Organization and its fighters, Lebanon,  and after the Mujahideen believer resistance was covered in southern  Lebanon, the military vacuum",Main_Consequence,1987
"With the extent to the cancellation of the Cairo agreement,  the importance and positives of Ganel are the commitment of  the implementation of the abolition of the greatest importance and  more positives, by stopping the southern Palestinian operations, so that  the possibility of the cities agreement and the Security Council  decisions demand that Israel to withdraw the Lebanese lands and  the deployment of international forces throughout the border and its  continued pressure to achieve by the Lebanese national resistance, Lebanese  work is a legitimate project to liberate and transfer securityPalestinian  autonomy, Arab or international wigs of Lebanese legitimacy",Distant_Expectations_Consequences,1987
"Third, support, escalation, and filling the southern resistance, the framework  of joint operations, fourth.Cairo and considering the Palestinian withdrawal east  of Sidon is necessary to restore the desired meat",Distant_Expectations_Consequences,1987
"Mujneen and Tumuti collected, “The Palestinian National Struggle Jabal announced  that a delegation of the head of Abu Khaled” and  the northern members of Mr. Ibrahim Al -Saadi Abu Riyad  Abu Nidal met the delegation of the Democratic Front for  the Liberation of Palestine, Fahd, Mr. Saleh Zaidan, and consulting  the Lebanese and Palestinian conditions.The meeting agreed to study ways  to enhance the resistance to confront the Israeli attacks and  ways to enhance the confrontation of the Israeli occupation and  its isolation projects Lebanon",Distant_Evaluation,1987
"The Baath Party organization and its leadership issued ""the thunderbolt  in the south, a statement that came nearly the second  in the afternoon of this afternoon, which was a nest,  which was the hand of treachery and workers to assassinate  one of the symbols of the Palestinian national resistance, Hatem  Kaoush, a member of the National Conference of the Arab  Socialist Baath Party, a member of the Lebanese Organization, in  the"" Al -Saqqa, member of the Palestinian National CouncilThe coward  extended to his assassination, but it was aimed at the  assassination of his national positions for years throughout the giving,  gloriousness and effort of the case and the homeland in  particular",Main_Consequence,1987
"In addition to the position of the Soviet Union, despite  his support for Lebanon's sovereignty and his assertion of respect  for sovereignty, and the Palestinian faults and abuses.In front of  the Palestinian armed struggle to avoid Israeli reactions, and the  Lebanese resistance struggle is limited to the liberation of the  south only",Distant_Evaluation,1987
"It demanded to stop the abuse and arrest work, permit  the camps, ensure the return of the displaced, and the  release of detainees and his investigations.And liquidate it and remove  our Palestinian fans, Tire camps",Distant_Expectations_Consequences,1987
"After the meeting ended, the statement was first broadcasted, the  employment is exposed to southern Lebanon, terrorist practices against its  sons and against the Palestinian camps.",Distant_Expectations_Consequences,1987
"The possibility of renewal of the camps, and the observers  fear that the renewal of the renewal of the international  force south is the disturbances and unrest, whether through attacks  that occur in the international force or through attacks by  the national or Islamic resistance against Israel, and the response  comes to it in the Lebanese villages and Palestinian sites  or the tension of the elements of the movement of  hope and the Palestinian fighters warnsRenewed the war of the  war, war changes data and fluctuating money equations renewed",Distant_Expectations_Consequences,1987
"The leadership of the Palestinian resistance issued a statement in  which it came again, the movement of sedimentary sedition, its  overflowing, the tools of the customers, the strong and the  powerful, the movement of the stainedness of their hands with  the blood of the believers, before it was stained with  the blood of the militants of the Lebanese national forces  and the blood of isolation, the sons of our Palestinian  people, the camps of the south",Cause_General,1987
"Amidst the applause, Jumblatt said that the People's Army Day  is a feast and the honorable Lebanese Socialist Progressive Party,  the Syrian National Social Resistance Party, the Lebanese national resistance  organization, the Baath Party organization, the besieged Palestinian camps in  the south, the eastern Christian regions, the hands of the  Gemayel gangs and the Gemayel Army",Distant_Evaluation,1987
"The Palestinian factions page, and the Bayaiya, except the south,  the day, the resistance confrontations and the Israeli forces, the  southern Lebanon army inside the security belt.",Main,1987
"The resistance fighters spoke the death and wounded of the  southern ranks.Passengers did not allow the militias of both sides  of their birds for Lebanese Red Cross cars, and no  explanation was given to this closure",Main,1987
"Attempts to announce the attendance of the partisan groups were  received, calculating the suffering of the Lebanese and Palestinian peoples.",Distant_Evaluation,1987
The office draws the central consolation.The Arkatian military force during  their practice of the roles of the authority,Distant_Evaluation,1987
"The virginity of Haya, Wahba, distributed that he was born  in the Arab Republic of Egypt, Minya Governorate",Distant_Evaluation,1987
"Just as the support of the resistance requires more unity,  the Lebanese national forces, the Palestinian national forces and Syria,  the alliance, dropped the Israeli project, a year, keeps the  basis to drop the Israeli project today, which is the  alliance of forces and battalions, greeting the heroes of the  Lebanese national resistance forehead to all the resistance fighters of  the masses of our steadfast people, the face of the  oppressed Israeli attacks in our south and cities",Distant_Evaluation,1987
"The fifth anniversary of the launch of the Lebanese national  resistance forehead overlooks us today, the Israeli occupation continues for  its wide south, especially the Zionist enemy, implementing its renewed  destructive plan against the Lebanese and Palestinian peoples.",Distant_Evaluation,1987
"He announced the continued support of Syria's support for the  Libyan resistance, the Israeli forces withdraw the Israeli forces, and  the last of the Lebanese lands of the Lebanese lands,  and for the Gulf, the Sharia saw that the tense  situation calls for concern the page and the Palestinians stabilized  a factor that was transferred yesterday.",Distant_Evaluation,1987
"The Palestinian oath urged the commitment of the Palestinian unit  and the program of the role and followed by the  official of the women's office, the forehead, Umm SaeedFor the  Lebanese territories adjacent to the southern borders, the properties of  Muslims or Christians are exaggerated",,1987
"In order to remedy the dangerous conditions of the horizon,  the disaster of the Lebanese situation and the Palestinian issue  will not be third.",Distant_Expectations_Consequences,1987
The political office of the movement is the last Israeli  withdrawal.,Distant_Expectations_Consequences,1987
"The radio praised the operations of the Islamic resistance, the  families in southern Lebanon, the Palestinian demonstration, the occupied lands,  and the detention of a Palestinian group, Raqakan.",Main_Consequence,1987
"Ahmed Monch, head of the Nasserite Popular Organization, Eng.",Distant_Evaluation,1987
"Mustafa Saad, confirmed that our choice is translated with sacrifices  offered by our people daily the theater of jihad and  the real struggle.",Distant_Evaluation,1987
"He stressed that Tripoli kneeled and will not give in  to Maggah, the best of the Islamic Assembly movement, Mr.  Saad Eddin Hamidi Saqr, and the head of the National  Union branch for his request for Lebanon, the Bekaa, Mr.  Hossam Raad, the popular committee of the Palestinian resistance movementThe  socialist that the Lebanese crisis is the truth of the  matter in the Arab European",Distant_Expectations_Consequences,1987
"The state is isolated itself interest in the situation of  the south, and the matter was concerned with it and  did not take an explicit and clear position of the  Israeli attacks so that it responded to it.The south is  a war of Emile Khoury, the deputies proposed the meeting  to hold the house of Eng.",Distant_Evaluation,1987
"Danny Chamoun, to fill the seats empty of election by  the parliament",Distant_Evaluation,1987
"Especially the southern Lebanon remains a justification for the continuation  of the resistance, whether it is Palestinian or Lebanese or  other resistance, and when the resistance stops as a result  of the solution, it moves to the Palestinian cause and  the occupation of Israel is partsThe war, Lebanon does not  end, the existence of militias and armed groups, the leakage,  because the war was justified by its establishment and its  continued existence",Distant_Evaluation,1987
"My response, Beirut, Lebanon, we decide to enter the tenth  before Sunday afternoon, the Lebanese army units, the Sabra and  Shatila camp for the security province in them, and to  protect it.The cordon was imposed by the Israeli forces, the  two camps, and the failure to recover the streets of  the streets under the rubble of the houses, destroyed",Main,1982
"He considered that today the Lebanese land is a criminal  planning and that America will not retreat if the Lebanese  displacement of the Lebanese resettled to resettle his place and  stressed that Israel is the first and last official.The Lebanese  emancipation is that he, may God have mercy on him,  is a young man of his hometown and a young  Lebanese service",Main,1982
"The region and set up fixed barriers and a mobile  one, and they raised a number of homes and buildings,  a weapon and wanted, residents of Lebanon.",Main_Consequence,1982
"And he is pervishated by Alaa Anr, a way to  extinguish to a third of its capabilities, the forces of  the Lebanese, and he said: “We are not able to  fill in the circumstances of the slaughterhouse.Mr.",Main_Consequence,1982
"Abdulaziz Hussein, the Minister of State, Syria, will support his  step for his massacre",Main_Consequence,1982
"Judge Aaron Barak to the left and the general in  the reserve, Yuna Afrat, sorry, the scrutiny committees, the slaughter  of Sabra and Shatila, revealed by the Israeli government, head  of the head of the Supreme Court, Isaac Kahan Yybardi,  and the post, the Israeli page, is completed that his  soldiers are “Israeli, Syrian and Palestinian, and their criticism is  never criticized and that“ the morale is Lebanon",Cause_General,1982
"Yi Lahmalm, this is a response that Filclad carried the  Aftta documentaries, a clean massacre of Sabra and Shatila, will  present the number of cities of a Asian country for  those who insist.",Cause_General,1982
"We knocked on with her and reported the political correspondent  to the radio, and Joal Nethan, Minister of Sciences, said  to her in front of the Investigation Committee of the  Israeli military judicial in charge of the Israeli military.I remember  that he asked them to return negotiations with the extremist  Egypt later that the ministers and a prominent member of  the party and Shatila, which is headed by Judge Isaac,  the Majzara, to act as human beings and not to  touch the region of Taba at a simultaneous time",Cause_General,1982
"Beat Beirut, Jewish voices against Israel, the pictures tell the  slaughter of Sabra and Shatila, trying to the history of  calamities with a passion for the savage of the West.",Cause_General,1982
They believe Islam.,Cause_General,1982
"The besieged Beirut, I call the Hebrew state to count  the Shan of Amka Ram, Aa Khania, as well as  the head of the grandfather, the grandfather of the haj,  that the re -exchange of the yellow.It is reported that  the Soviet Ambassador was a god who met the sins,  Mr. Vlad",,1982
It is considered that the hole world was evident and  expressed his belief that his chance to establish Lebanon is  stable and the photographers were not allowed to take pictures  of the meeting.,Main_Consequence,1982
"Bigne was laid out to have the death of his  wife and decided not to be taken away from the  day of death.Diplomats, the slaughter of Sabra and Shatila Al  -Sahata Al -Farahrin in the newspapers.",Main_Consequence,1982
"And that Gartral Amusiarun stated that an Israeli military source  said that General Yamoush Sagi, head of military intelligence, Turkis,  in implementation of the struggles of the Kahan Committee, the  investigation took place",Cause_General,1983
"She added that the meeting dealt with the Lebanese and  Palestinian developments, and the status of this mountain for another  side.",Cause_General,1983
"The town is the direction of the church.With its demonstration  and the mistakes of the two camps, they hit the  morning condemnation.",Distant_Historical,1984
"And the guards of the country must continue, it is  permissible for a Muslim to be a process of process  of extracting weapons, as a crime is forgiven.",Distant_Evaluation,1984
"The Federalism New York invited the former Israeli defense, Ariel  Sharon, the magazine to be held by direct officials.New direct  responsibility, I will threaten that Minister Sharon witnessed the signs",Distant_Evaluation,1984
"To God, the lifetime of the perfection, his forage of  his assets, was accused of exposing the slaughter of Sabra  and Shatila Beirut in general, and this engine is the  authority of the Labor Party and it has three seats  of the church.Barlev, the Minister of Police, Sharon Al -Mi  Al -Saud, or his accommodation with the wish",Distant_Evaluation,1984
