id,text,label,Comments
1465,قاتل احدا ذاهبا الى الحرب وحريه القرار اللبناني محترمه,Flag-Waving,
1466,وفي معرض حديثه الوضع الخاص الجنوب اكد توينيان اللبنانيين ضد وجود المقاومه الفلسطينيه ونحن متضامنون معهم انما الارض اللبنانيه مقدسه بالنسبه الينا تماما ارضهم مقدسه بالنسبه اليهم ولسنا استعداد لنضيع اي شبر ارض,Appeal_to_Authority,
1467,المقاومه قضيتها المقدسه السباده اللبنانيه الكاهله,Flag-Waving,
1468,ارضنا وكهانكن نساعدهم تاكيد حريه القرار الفلسطيبني ننتظر ونريد ان تؤكد حريه القرار اللبناني وراى الدوله المحترمه يجب ان تكون استراتيجيه مدركه تتكيف مع الاحداث,Flag-Waving,
1469,صمود وتجمع الى الصمود وعي العباء يستطيع لبنان عموما وجنوبه خصوصا ان يتحمله,Loaded_Language,not sure about this - Flag waving but mostly Loaded_Language
1470,واعتقد ان الثوره الفلسطينيه والقوى الوطنيه يمكن ان تفرط قيد شعره بهذا المعقل الحصين واضاف تحتاجه اسرائيل لذلك تدعو الى ان تترسخ وتنمو مقاومه وطنيه لبنانبه شامله للخطر الصهيوني يتجدد الجنوب فتصبح المقاومه الفلسطينيه قوه دعم لهويه الجنوب,Appeal_to_Authority,not sure about this - started with Appeal to fear but ended with Flag-waving
1471,يبقى مجرد راقعه للثوره الفلسطينيه بكل مساهمه رسميه تريد ان تدعم جنوبا مقاوما وطنيا قادرا الصمود وجه اسرائيل لان لا بديل للمواجهه الشامله للتعاطي قضيه الجنوب,Causal_Oversimplification,
1472,القيادات نجاح الاجتماع تدعي اليه لجنه التوصل الى نيل الصعوبات تعترض تشكيل هيئه الرقابه بتفاهم لبناني سوري فهذه الظروف يظهر فيها خطر قيام اسرائيل باعتداء الجنوب وعلى المقاومه الفلسطينيه,Appeal_to_fear-prejudice,not sure about this - it ends with Appeal to fear but contains Loaded_Language
1473,الصعب من غير المقبول تطبيق صلاحيات هيئه الرقابه بمنع الاسلحه المقاومه,Black-and-White_Fallacy,
1474,ان السعوديه والكويت مستعدين لحضور اجتماع لجنه المتابعه يكن مجدي,other-nonpropaganda,
1475,ارضا وشعبا ويحقق التضامن اللبناني الفلسطيني ويكفل حمايه الثوره الفلسطينيه وتعزيز دورها النضالي ضد العدو الصهبوني,Flag-Waving,
1476,ناقش الجانبان التهديدات الاسرائيليه للبنان والتي تاتي اطار اطماع اسرائيل الاراضي اللبنانيه وتصفيه المقاومه الفلسطينيه وبالتالي تحقيق حلقه جديده مخططاتها العدو,Appeal_to_Authority,
1477,واكد الجانبان وقوفهما لبنان بكل امكاناتهما لمواجهه المخططات الاسرائيليه اكدا انهما سيعملان تعزيز وحده القوتين الثوره وجمايه الجنوب للصمود مواجهه العدوان الاسرائيلي,Appeal_to_Authority,
1478,عدم الانسحاب الجنوب الا التاكد وصول رئيس للجمهوريه في لبنان مستعد للدخول مثل المفاوضات والقبول بتوطين الفلسطينيين لبنان ضبط وجودهم المسلح وهذا يمكن تحقيقه طريق اقامه دوله قويه قادره وسلطه مركزيه فاعله,Black-and-White_Fallacy,
1479,لذلك فان تهديدات اسرائيل بضرب المقاومه الفلسطينيه بحجه انها تخرق وقف النار تسمح بخرقه الجنوب مكان العالم تستهدف المقاومه بقدر تستهدف الجنوب نفسه تحقيقا لاهدافها وهي تهديدات ستنفذها الوقت المناسب حاجاتها الخاصه,Doubt,Not sure about this
1480,في بيروت الغربيه,other-nonpropaganda,
1481,وقال عندما بدات المقاومه الفلسطينيه بالممارسات الناشطه وبالتجاوزات وقفنا المظلومين والان نرفض مثل التجاوزات ونرفض عوده المقاومه الفلسطينيه التي كانت عليه قبل الاجتياح الاسرائيلي للبنان,Loaded_Language,
1482,واشاد بمقاومه الجنوبيين للاحتلال الاسرائيلي مشيرا الى ان المقاومه الجنوب اسلاميه لانقاذها العلماء,Appeal_to_Authority,
1483,وهم يعرفون ذكرتم تتمكن فرنسا ان تلعب دور الوسيط لان هذه القضيه معنى وانه يمكن الحل ان يكون وسيطا,"Name_Calling,Labeling",
1484,وابدى رايه الجيش اللبناني وفي الذين يؤيدون مواقفه يتعلم ان الجيش يرتكز نظريه صحيحه وعقيده صالحه الى تغيير تنظيمهم وبما انه موجود لذلك نعتمد على الجيش اسود الضاحيه الجنوبيه والجبل وتعلم بذلك جيدا يخص مواقف الاشخاص وتاييدهم لهذا الجيش فنحن نرفض ان الحل السياسي واضح,Appeal_to_Authority,
1485,اعلن لبنان حل عادل وقد مال المسلمين واعرب معارضته عوده المقاومه الفلسطينيه الى العاصمه اللبنانيه,Appeal_to_Authority,
1486,اهم الضربات الجريئه والعنيفه يوجهها مقاتلو المقاومه اللبنانيه ومقاتلو الثوره الفلسطينيه الى جنود العدو جنوب لبنان,"Exaggeration,Minimisation",
1487,تهاجم الثوره احضان الرئيس حسني مبارك لملك الحسين الرئيس صدام حسين وتضع يدها يد الصهاينه وتحلم بالاتفاق حكومه شمعون ببريز,"Bandwagon,Reductio_ad_hitlerum","not sure about this - ""تضه يدها بيد الصهاينه"" seems like a Reductio ad hilterum because it disapproves an action/idea by suggesting that it is popular among groups hated by the target audience - in this case - the ""صهاينه"""
1488,ولماذا منطقه اخري,other-nonpropaganda,
1489,ضفه غربيه فتضع اسرائيل حدودها الليطاني وتمنع الدخول والخروج امل تضع بذلك حدا للمقاومه الوطنيه اللبنانيه وتحصرها او تحاصرها,Thought-terminating_Cliches,not sure about this
1490,وضعت حدا حسب اعتقادها للمقاومه الفلسطينيه المنطلقه الجنوب عندما قامت بعمليتها العسكريه تحت اسم سلامه الجليل,Doubt,
1491,ولكي لا تتذرع اسرائيل بعوده المقاومه الفلسطينيه الى الجنوب انسحابها لان يعني عوده الوضع الى كان قبل الاجتياح فقد طلب لبنان القيادات الفلسطينيه الدول العربيه تاثير القيادات ان توقف نشاط عسكري لبنان وعبر حدوده اسرائيل لانها تكون بذلك اعطت ذريعه تبرر بقاء احتلاله اجزاء الجنوب بحجه حمايه امن حدودها الشماليه,Causal_Oversimplification,
1492,طلب الكف نقول المقاومه الفلسطينيه تشترك المقاومه الوطنيه اللبنانيه تنفيذ عمليات ضد القوات الاسرائيليه الجنوب,Loaded_Language,not sure about this
1493,صرح اخيرا ياسر عرفات مؤكدا العزم تصعيد العمليات الفدائيه داخل الارض المحتله جنوب لبنان,Appeal_to_Authority,
1494,فاذا كان حق المقاومه الوطنيه اللبنانيه ان تعمل تدريب الاراضي اللبنانيه تحتلها اسرائيل وهذا حق مشروع فليس حق جهه لبنانيه طلب لبنان وموافقته ان تنشئ مقاومه ارضه,Black-and-White_Fallacy,not sure about this
1495,واشاد بابناء الجنوب قدموا اغلى عندهم سبيل تحرير ارضهم براثن الاحتلال المقاومه,"Exaggeration,Minimisation",
1496,اصدرت جبهه المقاومه الوطنيه قوات العروبه بيانا قالت الوقت يرضخ العدو الصهيوني تحت ضربات ابطال المقاومه الوطنيه اللبنانيه والفلسطينيه للانسجاب الجنوب,Appeal_to_Authority,
1497,نتوجه بالتحيه والاكبار لشعبنا اللبناني والفلسطيني رفض عمليات احتلال العدو وحمل لواء مقاتليه نيابه الامه العربيه,Flag-Waving,
1498,حذرت الوجه الثاني للمخطط والقاضي بافتعال فتن ضواحي صيدا بواسطه العملاء وبعض القوى اللبنانيه الفلسطينيه,Appeal_to_fear-prejudice,
1499,وقالت المنظمه بيان اصدرته امس الوقت تتجلى يوميا بابهى الصور بطوله مقاتلي جبهه المقاومه الوطنيه اللبنانيه ارض الجنوب,"Exaggeration,Minimisation",
1500,ومع استمرار الصمود الشعبي وتعزيزه المناطق المحتله يبقى الوضع السياسي الداخلي عامل اضعاف لقضيه الجنوب عوض يكون عامل دفع,Black-and-White_Fallacy,not sure about this
1501,الحثيث الى تعميق الوحده الوطنيه الصيداويه الجنوبيه قاعده مقاومه الاحتلال ونبذ عملائه والتصدي للنهج الفاشي الفئوي يحلم اصحابه بالتعامل اسرائيل سبيلا للاستقواء المواقع,"Name_Calling,Labeling",
1502,وان قوى الوطنيه لبنان عموما وفي الجنوب حمايه الكتله الشعبيه الفلسطينيه مدينه صيدا ومخيم عين الحلوه وسائر انحاء شمال,Black-and-White_Fallacy,not sure about this
1503,الجنوب قاعده التزام الجميع القرار الوطني الصيداوي الجنوبي اللبناني وانضواء الجميع تحت رايه المقاومه الوطنيه اللبنانيه وادراك الجميع ان التحالف الوطني اللبناني السوري الفلسطيني ركيزه الطويله النفس للاحتلال الاسرائيلي الساحه اللبنانيه,Repetition,
1504,الاساس مهاجمه المستوطنات الاسرائيليه يلغي انجازا رئيسيا لعمليه غزو لبنان صيف والتي اسفرت اخراج المقاومه الفلسطينيه معاقله جنوب لبنان,Black-and-White_Fallacy,not sure about this
1505,واللقاء يناشد ابناء صيدا ملحا التنبه الى الاعيب العدو الصهيوني وعلى الحرص بقاء وحدتهم ووعيهم الكامل امن والتشعب العربي,Loaded_Language,
1506,حددت برنامجها للسنه وحددت الامانه الدوليه للتضامن الشعب العربي وقضيته فلسطين برنامجها للسنه مؤكده العمل دعم نضال منظمه التحرير الفلسطينيه الجبهه الوطنيه الديموقراطيه المقاومه الوطنيه اللبنانيه وسوريا وليبيا واليمن الجنوبيه والجزائر,Appeal_to_Authority,
1507,ان التحدي الان موجه الى الجميع تؤيد الشرعيه اللبنانيه الجنوب ملتزمه وحده المنظمه وتؤكد العلاقات مع سوريا,Black-and-White_Fallacy,
1508,اكدت قياده حركه التحرير الوطني الفلسطيني فتح المخيمات الفلسطينيه الجنوب وجوب عوده العلاقات الكفاحيه الشقيقه سوريا ودعت مناضليها الى الالتفاف حول شعار وحده نظمه التحرير الفلسطينيه قاعده القرار الوطني الفلسطيني المستقل ومقاومه الظواهر الانفراديه والانشقاقيه والانقساميه وكل المشاريع الاستسلاميه,Appeal_to_Authority,
1509,وكانت النتيجه ان الجنوب ظل على مدى سنوات يتحمل فعل المقاومه الفلسطينيه وردود فعل اسرائيل ويتحمل اجتياحا اسرائيليا لقسم الجنوب انتهى بدخول قوات دوليه لتامين الانسحاب القسم المحتل اجتياحا اوسع شمل الجنوب وبيروت واجزاء اخري لبنان,Loaded_Language,not sure about this
1510,يزال لبنان يعاني مطمئن الى الانسحاب الكامل اراضيه رغم قرارات مجلس الامن الواضحه والصريحه,Doubt,
1511,مصدر مسؤول الجبهه الشعبيه لتحرير فلسطين الجنوب ابناء صيدا الانتصار البطولي الرائع حققته بطولات المقاومه الوطنيه المسلحه اللبنانيه والفلسطينيه,"Exaggeration,Minimisation",
1512,وتضررت سيارات سليمان ذيب داود داتسن وجان الكفوري فولكسفاغن” وجرجس الكفوري بيكالثالثئه المكان نفسه تماما لواقع وذلك الاتحاد العام تتعلق حسن فضل الله برصاص النشاط العشوائي الى الجنوب,Loaded_Language,
1513,الجنوبي قضاء النبطيه وصور واوقع رصاص التمشيط جرحي شن رجال المقاومه هجوما المواقع الاسرائيليه ومواقع جيش لبنان,Loaded_Language,
1514,وقع اشتباك الاول نوعه منذ انسحاب الاسرائيليين صيدا وجوارها مخيم الفلسطينيين الميه وميه وابناء البلده اسفر مقتل فتاه فلسطينيه واصابه فتى البلده,Loaded_Language,
1515,ودعت الى تمتين التحالف القوى الوطنيه اللبنانيه والمقاومه الفلسطينيه وسوريا وحركه التحرر القومي العربي وطالبت الدوله تاديه عليها المقاومين وسحب الجيش سوق الغرب ووضعها المكان الطبيعي ارض الجنوب وازاله حاجز البرباره,Appeal_to_Authority,
1516,دعم القضيه الفلسطينيه ودعم جبهه المقاومه الوطنيه الجنوب اللبناني واستمرار الدعم اجل وقف حرب الخليج وحل القضايا التحرريه العالم ستبقى اطار الدعم والتاييد والمسانده,Repetition,
1517,وهاجمت المقاومه حاجزين الجنوبي وسط مدينه صور وفي منطقه المرفاء,Loaded_Language,
1518,غضون ابلغ شمعون بيريز رئيس الوزراء الاسرائيلي الى المؤتمر الطالبي لحزب العمل ان الارهاب الشيعي خلف ارهاب منظمه التحرير الفلسطينيه جنوب لبنان سيطرح مزيدا المشاكل اسرائيل,Appeal_to_Authority,
1519,طلب عرفات رساله الى الامين العام للامم المتحده ومجلس الامن تخللها لوضع حد للهجمات يتعرض المخيمات مشددا مسؤوليه الامم المتحده الحفاظ امن السكان المدنيين الجنوب اللاجئون,Appeal_to_Authority,
1520,دمشق حذر امس العقيد محمد سعيد موسى ابو موسى احد زعماء حركه الانتفاضه فتح الاجراءات يتعرض الفلسطينيون جنوب لبنان وقال ابو موسى بيان وزعته وكاله الانباء الفلسطينيه وفيه ان فصائل المقاومه الفلسطينيه تقف مكتوفه حيال يتعرض سكان مخيمي عين الحلوه والميه وميه الفلسطينيين جنوب لبنان قتل وتدمير وتهجير العدو الصهيوني وعملائه,Appeal_to_fear-prejudice,
1521,"ان الاطراف الوطنيين وقوى التصدي والصمود العربي وعلى راسها سوريا تالو جهدا لاسقاط النسخه المتجدده لكمب ديفيد الثانيه يدفعها الى موقف استراتيجي ثابت الحلول السياسيه ""المتفرده وتحالف اكيد",Causal_Oversimplification,
1522,قوى التغيير والثوره المقاومه الفلسطينيه ممثله بجبهه الانقاذ الوطني وكل القوى الوطنيه والقوميه ناضلت ولما تزل اجل وضع حد للمؤامره الصهيونيه الاميركيه وهزمت ادواتها الساحه اللبنانيه واسقطت نهجها باسقاط اتفاق ايار المشؤوم وتحرير ترابنا الوطني الجنوب والبقاع الغربي وراشيا رجس الاحتلال الصهيوني,Flag-Waving,
1523,اعاده ربط قضيه لبنان بقضيه المنطقه,Thought-terminating_Cliches,
1524,يضاف الى ان عوده المقاومه الفلسطينيه الي الجنوب شانها ان تعيد ربط القضيه اللبنانيه بالقضيه الفلسطينيه,Thought-terminating_Cliches,
1525,ان لبنان بذل ويبذل جهد اجل فصل قضيته القضيه الفلسطينيه وعن قضيه الشرق الاوسط وان الرئيس الاسد نفسه اكد الفصل تصريح ودعا الي العمل اجل ذلك,Black-and-White_Fallacy,not sure about this
1526,اتهم عرفات حركه امل بانها ولعت اتفاقا سريا مع اسرائيل لعرقله نشاط المقاومه الفلسطينيه واللبنانيه جنوب,Doubt,"not sure about this - it is an appeal to authority (Arafat) but clearly doubting the other party - so labelled this as ""Doubt"""
1527,واشاد مؤتمر صحافي بموقف الحزب التقدمي الاشتراكي حزب الله حركه الناصريين المرابطون لرفضهم القتال الى جانب امل معتبرا ان هجمات امل المخيمات الفلسطينيه بيروت تندرج اطار الاتفاق الموقع امل واسرائيل,"Bandwagon,Reductio_ad_hitlerum",not sure about this
1528,وقالوا انهم ارسلوا برقيات الى رؤساء سوريا والجماهيريه الليبيه والجزائر واليمن الجنوبيه والى,other-nonpropaganda,
1529,الامين العام لجامعه الدول العربيه يحضهم التدخل الفوري توقف القتال المهم الان,Appeal_to_Authority,
1530,جهه اخري كتبت صحيفه البعث الناطقه باسم الحزب الحاكم سوريا ان المهم الان القضاء نهائيا التحركات العرفاتيه وعلى مرتكزاتها لبنان واعاده اللحمه والتحالف المقاومه الوطنيه الفلسطينيه والقوى الوطنيه اللبنانيه,Appeal_to_Authority,
1531,ولفت الى ان حرب المخيمات كشفت مؤامره خارجيه تستهدف الشعبين واللبناني وتستخدم الاساليب والوسائل المتاحه للايقاع بينهما,Doubt,"not sure about this - it is kind of Doubting but it is portrayed as a fact ""كشفت"" making it an authority."
1532,والمرحله تتطلب وعيا وادراكا لمواجهه المؤامره الساعيه اثاره النعرات وتوسيع الشق,Black-and-White_Fallacy,not sure about this
1533,يشاع احتمال حصول معارك المخيمات الفلسطينيه الجنوب يدخل باب الحمله الاعلاميه الغربيه لتشويه صوره الوضع وتحويل الانظار,Appeal_to_fear-prejudice,
1534,المقاومه الوطنيه البطله استطاعت طرد العدو الاسرائيلي الاراضي اللبنانيه,"Exaggeration,Minimisation",
1535,رابعا ندعو اسره العداله الى العوده الى قصر العدل للتوفر طرابلس الى انها,other-nonpropaganda,
1536,عقدت الاحزاب والقوى الوطنيه والتقدميه والمقاومه الفلسطينيه الشمال اجتماعها الدوري امس مكتب المنشقين قياده حركه فتح مخيم البداوي وناقشت الاوضاع السياسيه والامنيه والاجتماعيه الشمال خصوصا ولبنان,other-nonpropaganda,
1537,واصدرت الاحزاب والمقاومه بيانا اعربت مستهله قلقها المتزايد جراء الاقتتال حول المخيمات بيروت الصفوف وتمتين التحالف اللبناني الفلسطيني السوري المواجهه استحقاقات المرحله الاخيره انسحاب القوات الصهيونيه ارض الجنوب,Appeal_to_Authority,
1538,واضاف اشاره الى الانسحاب الاسرائيلي جنوب لبنان المقاومه الفلسطينيه واللبنانيه اجبرت العدو الانسحاب لبنان,Appeal_to_Authority,
1539,مصادر قريبه قصر الرئاسه تقول ان الرئيس الجميل يتوقع انسحاب اسرائيل انسحابا كاملا الجنوب وان تاخر موعده السابق ربما للمساومه والابتزاز,Appeal_to_Authority,
1540,وحمل لبنان القبول بالترتيبات الامنيه تريد والتسليم ببقاء قوات لحد الحصول ضمانات عوده المقاومه الفلسطينيه الى الجنوب وتوقف نشاط المقاومه الوطنيه اللبنانيه,Black-and-White_Fallacy,not sure about this
1541,وفي موازاه التحرك لبنان وفي اتجاه السعوديه النتائج تجنيها حتما عمليات المقاومه الجنوب والتي تستهدف الحزام الامني لا سيما الانتحاريه منها ستخرج منظمه التحرير الفلسطينيه ومقاومتها وستدعم موقف سوريا,Causal_Oversimplification,
1542, تؤكد باستمرار ان المقاومه اسقطت اتفاق ايار وفرضت الانسحاب الاسرائيلي جزء كبير الاراضي اللبنانيه,Black-and-White_Fallacy,
1543,ونحن نطلب تحرير الجنوب لان مقاومه شامله امكانها ان تحرره نطلب منها الاقل ان تشق طريقا وان تبني مستشفى وان تعوض نوى الشهداء وهذا اضعف المطلوب اكدت التلاحم اللبناني الفلسطيني,Causal_Oversimplification,not sure about this
1544,اعلن اقليم حركه فتح لبنان التزامه خطه امنيه تهدف الى تامين الاستقرار والامن للجميع واكد تعزيز وحده التحرير الفلسطينيه,Appeal_to_Authority,
1545,وقال ان اللجنه ناقشت ايضا تصريحات اميركيه شان امكان اجراء محادثات وفد اردني فلسطيني وموازنه المنظمه وتدعيم المقاومه الفلسطينيه الضفه الغربيه وقطاع غزه ابو ظبي,Appeal_to_Authority,
1546,نشرت صحيفه الوحده تصريحا للسيد صلاح خلفابو اياد عضو اللجنه المركزيه لحركه فتح اعلن ان المعسكرات اقامتها منظمه التحرير قواتها بيروت اقفلت وان القوات كانت تونس نقلت الى جنوب لبنان والعراق,Appeal_to_Authority,
1547,وبعد لقائه مساعديه ندد الهجمات تتعرض المخيمات الفلسطينيه لبنان والتي ترمي الى تمكين العدو الصهيوني ضمان حدود امنه الجنوب اللبناني وقفل باب الجنوب امام المقاومه الفلسطينيه,Appeal_to_Authority,
1548,ورحب الخطباء بعوده طرابلس والميناء الى اجواء الديموقراطيه,Appeal_to_Authority,
1549,ودانوا الهيمنه سيطرت عليها قبل,Loaded_Language,
1550,وحذروا مستغلي الظروف يلبسون لبوس الوطنيه,Appeal_to_fear-prejudice,
1551,واشادوا بالدور السوري لبنان وطالبوا بدعم المقاومه الوطنيه الجنوب وتعميم نموذج زحله وطرابلس وحملوا نهج السيد ياسر عرفات رئيس لجنه التحرير الفلسطينيه واتهموه بالوقوف وراء احداث طرابلس,Doubt,
1552,ممثل كرامي تكلم اولا ممثل رئيس الحكومه المحامي بسام الدايه الاحتفال لانهم اتاحوا المجال,other-nonpropaganda,
1553,وليست المره الاولي دعونا الناس يعرفون تفاصيل جرى الماضي يجري الان مبرر لتكديس السلاح مخيمات صيدا,Doubt,
1554,المسؤول التنظيمي لحركه امل الجنوب السيد محمود فقيه داعيا الى ارسال السلاح الى جبهه المقاومه الوطنيه,Appeal_to_Authority,
1555,سالت وكاله اخبار لبنان السيد فقيه حقيقه وصول السلاح الى المخيمات الفلسطينيه واحتمال وصول معركه فيها فاجاب دائما وفي مره تتجه الاوضاع الحل الوطني ويعمل الفرقاء التلاقي لايجاد الوطن دوامه القتال والتفريق والعمل,Appeal_to_Authority,
1556,وكانت هزيمه المارينز والهروب شروط للعدو الصهيوني المتغطرس دخل لبنان ليفرض المشاريع الاميركيه,Causal_Oversimplification,
1557,الى ان انتفاضه بيروت القوى القوميه والوطنيه انطلاقه المقاومه الوطنيه الجنوب اللبناني وهي جاء تطبيعيا لانتفاضات الثوره الفلسطينيه,Black-and-White_Fallacy,not sure about this
1558,لسنا ضد اي حل وطني وسنعمل لاعاده الوحده نناضل فصائل جبهه الانقاذ والجبهه الديموقراطيه والحزب الشيوعي اجل وحده نضال حركه المقاومه الفلسطينيه اساس وطني وعلى اساس برنامج,Flag-Waving,
1559,وذكر ان الثوره قاتلت الجبل وساهمت تحريره وتحرير الضاحيه الجنوبيه وبيروت الوطنيه,Appeal_to_Authority,
1560,وقال ان الثوره قدمت المكاث اجل لبنان وطني عربي ديموقراطي واحد يجب ان تكرم وتعزز ان يعمل البعض تحريف موقف البندقيه الفلسطينيه,Appeal_to_Authority,
1561,غزه ابو امل وشهداء المقاومه الوطنيه اللبنانيه بلال فحص وسناء محيدلي والشيخ راغب حرب ووفاء ولولا وغيرهم منات الاجنه المركزيه للحرب التحرير,Flag-Waving,
1562,بالذكرى الثامنه عشره لتاسيس الجبهه اقامت منظمه المراه الفلسطينيه مخيم البداوي معرضا للاشغال اليدويه مقر نادي الفلسطيني الشمال,other-nonpropaganda,
1563,جبهه الانقاذ الوطني الاربعاء اعتداءات النبطيه والبقاع الشرقي المقاومه بالجنوب النهار,Loaded_Language,
1564,شن امس رجال المقاومه هجمات مواقع الاسرائيليين جيش لبنان الجنوبي وتواصلت الاعتداءات قرى النبطيه والبقاع الشرقي,Loaded_Language,
1565,واما ان الجميل وسوسليكوف عرضا العلاقات وزياره الترك لموسكو قريبا يفصل الجنوب الوضع بقيه المناطق اللبنانيه,Black-and-White_Fallacy,not sure about this
1566,كان الماضي وقبل ان تشتعل الحرب لبنان عام فالمقاومه الفلسطينيه كانت تشن هجماتها القرى الاسرائيليه وتطلق القذائف سكانها انطلاقا الجنوب ويتحمل الجنوبيون جراء التهجير والتشريد والقتل والتدمير,"Bandwagon,Reductio_ad_hitlerum",not sure about this
1567,التق وشهيب وفد الحركه وزارا جنبلاط حاوي القتال بين امل والفلسطينيين ليكون غالب اومغلو,other-nonpropaganda,
1568,دعا الامين العام للحزب الشيوعي اللبناني السيد جورج حاوي الى وضع حد للقتال الدموي حركه امل والمقاتلين الفلسطينيين يفيد الا العدو الاسرائيلي المتربص بالجنوب والثوره الفلسطينيه والمقاومه الوطنيه,Appeal_to_Authority,
1569,لقد اثبتنا وسنظل نثبت فتحيه الجنوب لبنان وللمقاومه الوطنيه اللبنانيه ونحن معكم الطريق حيوا تحيه ايها الاخوه الارض الفلسطينيه المحتله,Flag-Waving,
1570,ولوحظ ان الزوارق الحربيه الاسرائيليه بذكرى صور النهار حفله خطابيه مخيم البصض حضرها جمهور ابناء المخيمات,other-nonpropaganda,
1571,والقى امين سر اللجنه الشعبيه المخيم السيد حسين ابو عباش حيا التلاحم اللبناني الجنوب خطب باسم اتحاد المراه واسر شهداء المقاومه,Appeal_to_Authority,
1572,شددت وحده منظمه التحرير الفلسطينيه ونضالها المشروع لاستعاده الحقوق المغتصبه والاراضي,Appeal_to_Authority,
1573,وفي ختام الحفله وزع اتحاد المراه مساعدات وهدايا ابناء رجال المقاومه الفلسطينيه,other-nonpropaganda,
1574,القضيه ومع تحقيق اماني الشعب وقد اي اعتداء لكننا ايضا تقبل بان يعتدي الفلسطيني المواطن اللبناني وان يخلق لبنان وضعا يساهم ضرب المقاومه الوطنيه اللبنانيه وعزل المنطقه الجنوبيه بقيه المناطق اللبنانيه,Appeal_to_fear-prejudice,not sure about this
1575,نامل الجميع ضبط اعصابهم الظروف الصعبه والعمل انهاء الوضع اسرع وقت ممكن وان تصب جميع الجهود محاربه العدو الاسرائيلي لانهاء الاحتلال وتحرير الارض اللبنانيه والفلسطينيه,Loaded_Language,
1576,وهذا واضحت حركات ياسر عرفات وتصريحاته كشف بوضوح تورطه مخطط ضرب وحده الصف الاسلامي متناسيا القضيه الفلسطينيه جمله وتفصيلا ومتبرعا بالقيام بما تستطيع اسرائيل القيام سواء لحجه مساعدتها الاستمرار تعطيل تنفيذ القرارات الدوليه المتعلقه بالجنوب ام لحجه طعن المقاومه الوطنيه اللبنانيه ظهرها طريق محاوله ضرب الصف الوطني والاسلامي الداعم,"Whataboutism,Straw_Men,Red_Herring",Strong
1577,وهنا بد التركيز وقائع حصلت قبل الاجتياح ومنها ان اسرائيل حالت انتشار الجيش اللبناني الجنوب وساهمت تسهيل تسلم الجنوب للمقاومه الفلسطينيه,Loaded_Language,not sure about this
1578,وعندما عقد مؤتمر الرياض والقاهره القاضيان بتشكيل قوات الردع العربيه بادرت اسرائيل الى وضع الخطوط الحمر وحالت تسليم قوات الردع العربيه مسؤوليه ضبط الاوضاع ومكنت المنظمات الفلسطينيه الاستمرار مال الاضطراب,Causal_Oversimplification,not sure about this
1579,النضال وكانهم وحدهم حياه العروبه يحملون السلم بالعرض يامنوا درسا وغيرها الضربات انزلت منذ عام اليوم,Doubt,not sure about this
1580,وراى رئيس لجنه الدفاع الحريات الديموقراطيه المحامي سنان براج ان اساليب خطف الاجانب وترويعهم وقتلهم العداء للامبرياليه والصهيونيه شيء ارهاب للارهاب جدوى شيم العرب واعتبر ان يقوم بهذه الاعمال يعد ماجورا وخارجا الدين,Appeal_to_Authority,
1581,العمل يحجب القضيه الاساسيه وهي احتلال اسرائيل للجنوب اللبناني وممارسات اسرائيل الاراضي المحتله يحجب قضيتنا المحقه القضيه الفلسطينيه وبطولات المقاومه الوطنيه الجنوب,"Exaggeration,Minimisation","not sure about this - contains repetition, exaggeration, and maybe black-white fallacy ..."
1582,السلاح البسيط يمكن يشارك امل الجنوب واللبنانيون العرب لذلك ذكر خطابه بالمصريين والسوريين نفذوا عمليات الجنوب العرب وقتاله قتال العرب فلذلك يرد,Loaded_Language,
1583,شككوا الدور السوري لبنان اتهموا دمشق بان اهدافها كانت القضاء المقاومه الفلسطينيه لبنان,Doubt,
1584,والا فكيف يوافق صاحب التصريح منظمه التحرير الفلسطينيه الاعتذار العلني لاسرائيل بيان اصدرته واحتلال القرى الجنوبيه والاعتداء شعب لبنان بيروت والضاحيه والجنوب وقتل الابرياء اهلنا وتدمير العمارات ودور السكن ومحاوله مصادره القرار الوطني,"Whataboutism,Straw_Men,Red_Herring",
1585,وطريق الجنوب المقاومه الجنوب اي تجاوز ان نقل جريمه ترتكب حق لبنان,Thought-terminating_Cliches,not sure about this - between Thought-terminating cliches and Balck-White Fallacy
1586,ان التصاريح السياسي والمواقف المشرعه والغايات الخاصه يمكن ان تغير او تبدل حقيقه الواقع وبالتالي فانها عاجزه تحوير الوطني وججته السليمه,Causal_Oversimplification,
1587,واشاد بدور المقاومه الوطنيه اللبنانيه المتلاحمه المقاومه الفلسطينيه لدحر الاحتلال الاسرائيلي ارض الجنوب,Appeal_to_Authority,
1588,لقد كانت التجربه خاضها لبنان حركه المقاومه الفلسطينيه قبل خصوصا الجنوب وبيروت تجربه قاسيه عاش الشعب الفوضى اكثر صعيد الفوضى السياسيه والامنيه والحزبيه القضايا المعاشه,Loaded_Language,
1589,وانتقد غياب المسؤوليه القوميه مشاريع الاجماع العربي والتي كانت متفرجه ضرب المقاومه الفلسطينيه واللبنانيه الجنوب ايام الاحتلال,Appeal_to_Authority,
1590,وضمان قيامه بدوره الوطني والقومي المعادي للصهيونيه وللامبرياليه,Flag-Waving,
1591,واكدت اخوه الكفاح والسلاح بيننا وبينكم وفي القوى الوطنيه اللبنانيه والفصائل الثوريه المقاومه الفلسطينيه وبين جماهير الشعبين الشقيقين اللبناني والفلسطيني,Flag-Waving,
1592,الوحده تعمدت بالدم معركه الصمود ضد العدوان وفي اطار جبهه المقاومه الوطنيه اللبنانيه ضد الاحتلال وفي معارك التصدي للاحتلال وللعملاء الجنوب والجبل والضاحيه وبيروت وكل الجبهات,Flag-Waving,
1593,منظمه العمل الى ممارسه معارضه للقوى السائده المناطق الوطنيه,other-nonpropaganda,
1594,رات منظمه العمل الشيوعي لبنان ان احياء جبهه المقاومه الوطنيه اللبنانيه والارتقاء الى مستوى العمل الجبهوي الحقيقي ظل سياسه مقارعه لممارسات القوى السائده المناطق الجنوبيه والدعوه الى استقامه العلاقه المقاومتين اللبنانيه والفلسطينيه ووقف الحرب الاهليه قاعده وعي,Appeal_to_Authority,
1595,استحاله الجسم العسكري والجمع الدعوه الى الحلول الديموقراطيه العلمانيه للمساله الطائفيه وممارسه سياسه معارضه للقوى السائده المناطق الوطنيه يشكل برنامج نضال وطني متكامل,Black-and-White_Fallacy,
1596,وشدد وجوب فهم استراتيجيه اسرائيل للمنطقه والعالم والمشاكل الاقليميه صنعتها اسرائيل معتبرا ان شعار زحفا زحفا القدس خيالي اذ ان القدس رمز للمساله الفلسطينيه الاسلاميه وان الشعار يمثل شعارا استراتيجيا,Appeal_to_Authority,
1597,وان العمليات النوعيه للمقاومه استطاعت ان تكشف القناع الاسرائيلي لانها اسقطت نظريه جيش لبنان الجنوبي,Causal_Oversimplification,not sure about this - casual oversimplification or Black-White Fallacy
1598,وجرى التاكيد ضروره تكتيف اللقاء اجل تجثير التلاحم المصيري للقوى الوطنيه اللبنانيه والفلسطينبه وتصعيد منهج الكفاح المسلح الاراضي الفلسطينيه المحتله بعيدا,Causal_Oversimplification,
1599,اسقط اتفاق ايار قاعده المشاركه مشروع القوى الوطنيه اللبنانيه ومشروع تطوير المقاومه الوطنبه اللبنانيه الجنوب,other-nonpropaganda,
1600,الجنوب المعلمون المتعاقدون مصيرهم النهار العربي والدولي,other-nonpropaganda,
1601,تصفيه المقاومه الفلسطينيه لبنان وضمان امن اسرائيل وجه ايه هجمات فلسطينيه لبنان,other-nonpropaganda,
1602,انجاح مخطط حرب المخيمات سيؤدي الى انشاء الاحزمه وشل شبه نهائي للمقاومه الشامله ضد اسرائيل بكل اطرها وهيئاتها,Causal_Oversimplification,
1603,وسيجعل المسلمين اللبنانيين بؤره للصراع فبيتهم حولهم,Causal_Oversimplification,
1604,وسيقضي جانب كبير فعاليه القضيه الفلسطينيه وعلى اي امل الاصلاح التصحيح السياسي المسلمين اللبنانيين,Causal_Oversimplification,
1605,جهه اخري وسيجعل الجنوب الان نحو المقاومه الشامله بكل اطرها ورقه امد المسلمين اللبنانيين تكون ورقه للمساومه الصراع الدولي والاقليمي تسويه القضيه الفلسطينيه لمصلحه الاسرائيليين,Causal_Oversimplification,
1606,ولان اميركا وراء النوع النجاح ولان اسرائيل واسطته فان ردود الفعل الطبيعيه اللبنانيه والفلسطينيه والعربيه يحصل الان المقاومه الوطنبه الجنوب الى مواقف العقيده,Causal_Oversimplification,Strong
1607,الاسباب تجعل بيريز المعتدل نظر اميركا والناجح الحسابات الاسرائيليه والاميركيه الخاسر ايضا كالعاده لان النجاحات الشرق الاوسطيه ممكن ان تكون جانب واحد,Causal_Oversimplification,
1608,اطلاق بيان وقرابه الثالثه والنصف الظهر احضرت قياده الجبهه الشعبيه لتحرير فلسطين منطقه صيدا عسكريا الجيش اللبناني معاون ورقيب اول وعريف وجندي الى مقر التنظيم الشعبي الناصري,other-nonpropaganda,
1609,وهؤلاء كانت فصائل المقاومه الفلسطينيه اسرتهم مركزهم,other-nonpropaganda,
1610,مبنى سيده المنطره مغدوشه خمسه ضباط ورقيب وجندي وهم سلموا مساء الاثنين الماضي الى قياده منطقه الجنوب العسكريه,other-nonpropaganda,
1611,وكان استقبال العسكريين المحتجزين نائب الامين العام للتنظيم,other-nonpropaganda,
1612,ذ يرينون القضاء القضيه الفلسطينيه والمقاومه البطله جنوب لبنان ويذرفون عليكم بعيد دموع التماسيح,Doubt,
1613,فالمطلوب توحيد صف المقاومه اللبنانيه المقاومه الفلسطينيه اجل تحرير الجنوب وفلسطين,Black-and-White_Fallacy,
1614,لان لبنان حاله حرب دائمه احدى عشره سنه فحسب وهذا الاسبوع اسبوع الذكرى اذا تنفع تحول الجنوب ساحه حرب اسرائيل والمقاومه الفلسطينيه,Loaded_Language,
1615,تحول الجنوب ذاته وبعده بيروت ساحه حرب متشعبه اختلط الاطراف لبنانيين فرقاء وفلسطينيين فرقاء وسوريين وبالطبع اسرائيليين متلبسين بمختلف الصفات,Repetition,
1616,اذ الحرب يمكن ان نصف الجبوب الاسرائيلي مار بيروت عام يقاومه وبماذا الحرب,Loaded_Language,
1617,يمكن ان نصف عمليه قردان عندما تنزه كوماندوس اسرائيلي شوارع العاصمه واغتال زعماء المقاومه الفلسطينيه,Loaded_Language,
1618,زمن كانت الحرب الصغيره فصائلها اخذت مجراها,other-nonpropaganda,
1619,وقال ان الثوره الفلسطينيه بقياده جبهه الانقاذ الوطني الفلسطيني والتي ظهرت صفوفها المنتحرفين والمستسلمين تشد ايدي ابطال المقاومه الوطنيه لبنان وتتمنى احراز المزيد الانتصارات,"Bandwagon,Reductio_ad_hitlerum",not sure about this
1620,لان دمر العدو الصهيوني جنوب لبنان يشكل انتصارا للشعب اللبناني فحسب انتصار للامه العربيه وقضيتها المركزيه الوا رملها هو الارهاب مصدره الحزب واسزائيل بالدولار حواجز الخوات واحتكار الدواء والمواد الغذائيه ولقمه العيش وليتر البنزين,Black-and-White_Fallacy,not sure about this
1621,فمضت تتلجي بالاختلاف حينا وبتبادل القصف العشوائي احيانا انما اقتصاد القذائف نظرا الي ارتفاع الاسعار ووقوع الجميع ازمات ماليه,"Name_Calling,Labeling",
1622,الحلقه الثانيه العاصفه الاقليميه تتلبد غيومها الجنوب نقطه التقاء الاعاصير المشرقيه كلها الازمه الاسرائيليه الى الماساه الفلسطينيه الى الثوره الايرانيه الى المقاومه اللبنانيه الى الهموم السوريه,"Exaggeration,Minimisation",
1623,يخدم المقاومه والتحرير ان اقدام حركه امل الجنوب وعلى ارضيه تريعه الهدف متها تفليل الجماهير اللبنانيه والفلسطينيه بحجه اطلاق النار احدى دورياتها الرشيديه,"Whataboutism,Straw_Men,Red_Herring",
1624,يجعلنا نوضح ان حقيقه يجري يتنافى الذريعه اذ شهر ونصف شهر ومخيماتنا محاصره وترافق الحصار منع ادخال المواد الطبيه والتموينيه 'واعتقال عشرات ابناء شعبنا وابعاد عائلات وعدم ادخال مواد الاعمار والدهم والاستفزازات المستمره,Loaded_Language,
1625,واضاف ان موقف الشرعيه واضح عوده للمقاومه الفلسطينيه الى الجنوب,Appeal_to_Authority,
1626,وان الدوله مسؤوله امن المواطن اللبناني والفلسطيني,Thought-terminating_Cliches,
1627,وان امن المخيمات يجب ان يكون حمايه السلطه اللبنانيه عندما تبسط سيادتها الارض,Black-and-White_Fallacy,
1628,سادسا عدم العوده الى قبل عام ودعم المقاومه الوطنيه اللبنانيه واعتبار الدعم واجبا وحقا جميع اللبنانيين استثناء باعتبار تحرير الارض الجنوب وفي البقاع الغربي وفي ايه بقعه اخرى محتله واجب لبناني تمييز او فرز اساس المنطقه اوالطائفه المذهب الحزب اذ ان شبر ارض لبنان غال جميع اللبنانيين جميما,Flag-Waving,
1629,ويعلن اللقاء اخيرا ان القضيه الفلسطينيه قضيه العرب جميعا ومسؤوليه المسلمين والمسيحيين ان سواء يمكن ان تضيع قدسيتها ان تؤثر القدسيه ايه احداث مخله عابره,Appeal_to_Authority,
1630,المدنه المعلنه اطراف النزاع الهوم لبنان الا خرصه سائحه يرتبوا اوضاعهم بالتعاون اسرائيل وينقضوا المسلمين لبنانيين وفلسطينيين عندما تسمح الظروف,"Bandwagon,Reductio_ad_hitlerum",
1631,وزرعت منظمه الشبيبه الفلسطينيه صيدا بيانا اكدت ضروره توحيد طاقات القوى الوطنيه اللبنانيه والفلسطينيه تحت لواء جبهه المقاومه الوطنيه اللبنانيه لمواجهه العدو الصهيوني وادواته الجنوب,Appeal_to_Authority,
1632,واعاده منظمه التحرير الفلسطينيه الى خطها الوطني الرافض لكل التسويات الخيانيه المذله لشعبنا,"Exaggeration,Minimisation",
1633,فالمقاومه الوطنيه اللبنانيه تدعمها سوريا تخوض معركه تحرير الجنوب تدافع الجنوب فحسب الامه العربيه باسرها وقضاياها العادله,Flag-Waving,
1634,وسال يقوم عمل المقاومه الوطنيه الجنوب فاجاب الفلسطينيه نعتز بشقيقتنا المقاومه الوطنيه اللبنانيه انزلت افدح الخسائر بالعدو الصهيوني واضطرته الى الانسحاب معظم المناطق احتلتها حزيران,Appeal_to_Authority,
1635,صيدا اصدرت الجماعه الاسلاميه بيانا ذكرت الحكام العرب ان تكثيف عمليات المقاومه الاسلاميه جنوبنا اللبناني وفي عمق الاراضي الفلسطينيه المحتله شانه ان يربك عدونا الاسرائيلي ويعجل رحيله,Appeal_to_Authority,
1636,واتهمت سمته مزمرا حركه امل ارتباط بالعدو الصهيوني بانهم فجروا الوضع حول المخيمات الجنوبيه بغيه افراغ الجنوب وسحب سلاح الفلسطينيين وتهجيرهم,"Bandwagon,Reductio_ad_hitlerum","not sure about this - between ""Doubt"" and ""Reductio ad hilterum"""
1637,يصبح الجنوب كانتونا طائفيا يشكل حزاما امنيا جيدا للعدو لمنع ابطال جبهه المقاومه الوطنيه ممارسه دورهم النضالي,Flag-Waving,
1638,وبعدما اعتبرت ان الوضع الجنوبي خطير جدا جدا قالت ان جبهه الانقاذ الوطني الفلسطينيه الوقت تحيي الجهود المخلصه تبذلها سوريا الصمود والقوى الوطنيه اللبنانيه لوقف النزف,Appeal_to_Authority,
1639,دامت اسرائيل تحتل ارض الجنوب والارض المحتله تزال تعن عام مرورا بعام وحتي يومنا,Loaded_Language,
1640,فليسرد لاستعاده الارض الا اعمال المقاومه بعدما رفضت الان تنفيذ اي قرار القرارات الدوليه,other-nonpropaganda,not sure about this
1641,واؤكد المناسبه ان وحده القوى اللبنانيه والفلسطينيه المناطق وبخاصه منطقه صيدا الاساس لاستمرار النضال واستعاده الحقوق,Flag-Waving,
1642,واذا انتهت المواجهه بتغلب ابو عمار لبنان فانه يكون سحب نهائيا يد سوريا الورقه الفلسطينيه واصبح يختار باستقلاليه تامه طريق التسويه السلميه يريد,Causal_Oversimplification,
1643,و اذا انتهت المواجهه بتغلب الرئيس الاسد فانه يكون امسك بالورقه الفلسطينيه كامله وعادت كلمته المؤثره اي تسويه سلميه ويصبح الامكان البحث شكل الترتيبات الامنيه تتيح لاسرائيل الانسحاب الجنوب ووضع حد لاعمال المقاومه ولنشاط حركات الاصوليين,Causal_Oversimplification,
1644,لقد ابلغ غولدنغ الى السلطه اللبنانيه ان اسرائيل تريد ترتيبات امنيه وضمانات لحمايه حدودها الشماليه تل سحب وتتخلى “الحزام الامني” لانها تخشى ان تستمر اعمال المقاومه ضدها بعيد انسحابها,Appeal_to_Authority,
1645,خصوصا بعدما دخل خط المقاومه عنصر جديد حزب الله والفدائيون الفلسطينيون عادوا الى المنطقه وهؤلاء يتوقفوا عملياتهم تحرير الجنوب سيستمرون توصلا الي تحرير الاراضي الفلسطينيه والقدس,Flag-Waving,
1646,وذلك لاعتبارات عده ابرزها رغبه اسرائيل ضرب الوجود الفلسطيني عاد الى النمو الجنوب الافاده التطور الكبير حققته المقاومه لاسرائيل وانطلاقا وشعورها بان التساهل الموضوع يعيد لبنان اقله جنوبه ومناطق اخري حلقه فلسطينيه خطره عليها,Causal_Oversimplification,not sure about this - Causal oversimplification or Appeal to Fear?
1647,خصوصا ان المرحله المقبله تكون مرحله مقاربه دوليه جماعيه لازمه ومطلوب يبقي الفلسطيني ضعيفا,"Name_Calling,Labeling",
1648,وتنفيذ الرغبه يكون خلال ابراز الوجه الارهابي للبنان وتصويره ساحه اعداد للارهابيين ومنفذهم الى العالم خلال اقناع العالم باعطاء اسرائيل ضوءا اخضر لضرب الارهاب تخليصا العذاب والالم والخطر,Black-and-White_Fallacy,
1649,ووصف جرى اليمن الجنوبيه بانه كارثه كبري,Appeal_to_Authority,
1650,واكد تضامن الثوره الفلسطينيه الجماهيريه,Appeal_to_Authority,
1651,محل عطوي لبيع اشرطه انانا فريشي,other-nonpropaganda,
1652,الجنوب النهار اصيب مجندان جيش لبنان الجنوبي هجوم شنه رجال المقاومه احد مواقعه بيت ليف بنت جبيل,Loaded_Language,
1653,اننا نقدر حق التقدير التضحيات تبذلها الشقيقه سوريا لدعم القوي الوطنيه والتقدميه لبنان خصوصا دعمها المقاومه الوطنيه اللبنانيه من العدو الاسرائيلي جنوب لبنان وكذلك دعمها سياسي اللازمه اللبنانيه,Flag-Waving,
1654,اساس تكريس وحده لبنان وعروبته واقامه نظام ديموقراطي حقيقي قائم مبدئ العداله والمساواه الحقوق السياسيه تمييز,Flag-Waving,
1655,اننا مقتنعون بان واجب تحرير الاراضي العربيه المحتله,Thought-terminating_Cliches,
1656,الاحتلال الاسرائيلي البغيض انما يقوم الدرجه الاولي التحالف القائم القوى الوطنيه اللبنانيه والفلسطينيه وسوريا الصامده المناضله,Thought-terminating_Cliches,
1657,وتعقد اللجنه اجتماعا قبل ظهر اليوم للبحث سبل نشر,other-nonpropaganda,
1658,قوه الفصل ستكون بقياده النقيب وليد سكريه والتي ينتظر ان تبدا تحركها ظهرا,other-nonpropaganda,
1659,راجع دمشق مهاجمه عرفات عوده الى قبل حمله جديده السيد ياسر عرفات رئيس اللجنه التنفيذيه لمنظمه التحرير الفلسطينيه,Loaded_Language,
1660,قالت امس اذاعه دمشق انفروا جنوب لبنان اليوم الاول الغزو الاسرائيلي,Appeal_to_Authority,
1661,وخرجوا بيروت باتفاق اميركي يكونوا قادرين استغلال اسم فلسطين والمقاومه والمخيمات اعاده اوضاع قبل اعترفوا بضررها وخطاها يكونوا قادرين تنفيذ مخططات حلفائهم الجدد اعداء الحل الوطني والوفاق الوطني لبنان,"Whataboutism,Straw_Men,Red_Herring",
1662,وهذا نجد ملامحه الساحه حتى الان,other-nonpropaganda,
1663,وسئل للوضع الحالي الجنوب فاجاب انني اخشى ان تكن المرحله تعمل اسرائيل واميركا جنوب لبنان مقدمه لوضع اميركي اسرائيلي يدخل لبنان الطبخه السياسبه الموضوعه للشرق الاوسط وللقضيه الفلسطينيه خصوصا,Appeal_to_Authority,
1664,وان يكون بحدث تحركات حول الاردن ذرا للرماد فانني انتظر ان بالتحالف امبركا التعسف وعن التدمير وحرق الارض لبنان رغم ضربات المقاومه لانها تريد ان تنضج الطبخه الاتجاه,Doubt,not sure about this
1665,ان الواقع الضفه الغربيه وفي جنوب لبنان الواقع يعبر روح الامه وتطلعاتها والتحرر يقابله واقع اخر اليوم وفاجع الحرب ان تتورط القيادات الفلسطينيه,Appeal_to_fear-prejudice,
1666,وتفاعلت الحاله اللبنانيه والاقليميه فاتسعت دائرتها وعظم خطرها وتركت اثارها السلبيه المقاومه الشامله ضد اسرائيل لبنان جهه,"Exaggeration,Minimisation",
1667,رابعا ان امن الجنوب مسؤوليه حركه امل باعتراف القوى الوطنيه اللبنانيه والفلسطينيه وقبولها,Black-and-White_Fallacy,not sure about this - thought terminating or black-white fallacy ?
1668,وحركه امل طلبت تسليم السلاح المستعمل الاشتباكات الى فصائل جبهه الانقاذ ولم تطلبه لنفسها والسبب ان السلاح يستعمل ضد اسرائيل او عملائها انما استعمل ضد المقاومه وابطالها,Causal_Oversimplification,not sure about this
1669,ان المقاومه الفلسطينيه طليعه المجاهدين لمواجهه اسرائيل المقاومه انطلقت لتشغل سياسه العالم العربي وسياسه لبنان الداخليه وحروبه وكانت الشعارات ان طريق فلسطين تمر وتاره الجنوب,Flag-Waving,
1670,يثبت ان الدور العرفاتي الحالي تصفيه المقاومه المجاهده الجنوب تصفيه المقاومه الفلسطينيه وتحويلها الى حرس الشخصي لعرفات,Black-and-White_Fallacy,
1671,واقتصار دورها تدمير الانتصارات تحققت الساحه اللبنانيه بالغاء اتفاق ايار وتحجيم الهيمنه الفئويه مقدرات الوطن واجبار العدو الصهيوني الانسحاب معظم الاراضي اللبنانيه,Black-and-White_Fallacy,not sure about this
1672,خدام حق,other-nonpropaganda,
1673,وقياده المقاومه الفلسطينيه الممثله شرعيا بالنسبه الينا بجبهه الانقاذ والاحزاب الوطنيه اللبنانيه والوزير نبيه بري اذ ان مصلحه لجبهه الانقاذ لحركه امل تفجير الوضع الجنوب دامت المساله انتهت بيروت,Doubt,
1674,فما رايكم فاجاب ثريان مكان المقاومه الفلسطينيه والاسلاميه واللبنانيه ارض الجنوب وداخل فلسطين,Appeal_to_Authority,
1675,واضاف المصدر شهدته وتشهده المخيمات الفلسطينيه بيروت عمليه استباحه دمويه جديده تمكنت خلالها عصابات امل واللواء السادس بمساعده المخابرات الاسرائيليه,Appeal_to_Authority,
1676,جاء تنفيذا لاتفاق ابرمه المبعوث الاميركي ريتشارد مورفي واحق الاطراف لحمايه حدود اسرائيل وامنها وتصفيه المقاومه الباسله الجنوب والبقاع وانهاء الوجود الفلسطيني لبنان وضرب منظمه التحرير,Doubt,
1677,واشاد بتعاون المقاومه اللبنانيه والفلسطينيه جنوبنا العظيم وقال ان التعاون كبر,"Exaggeration,Minimisation",
1678,رد حدث الفتره الاخيره احداث مؤسفه حول المخيمات الفلسطينيه الجنوب,Loaded_Language,
1679,ان سلسله الاعتداءات تشن شعبنا المقاوم الابي المناطق المحيطه بالمعسكرات الفلسطينيه سواء بيروت او الضاحيه الجنوب واضحه ويؤكدها الاحاديث والبيانات والتصريحات يطلقها ياسر عرفات والموالون سرا وعلانيه عبر وسائل الاعلام المختلفه,"Whataboutism,Straw_Men,Red_Herring",
1680,والتي تؤكد ان الاعتداءات ستستمر تحقيق اهداف المؤامره,Appeal_to_fear-prejudice,
1681,وازاء تجد حركه امل نفسها مضطره الى خوض معركه الدفاع النفس لاسقاط استهدافات المؤامره البشعه وفي مقدمها ضرب المقاومه ضد الاحتلال واغراق القضيه الفلسطينيه زواريب مغدوشه وشاتيلا وبرج البراجنه وايجاد وطن بديل للفلسطينيين لبنان,Causal_Oversimplification,
1682,ان المعركه الدائره الان الجنوب اللبناني خصوصا او ضواحي بيروت يراها المراقبون قتالا المقاومه الفلسطينيه والمقاومه الوطنيه اللبنانيه ويرون ايضا ان المشروع فيه كثير الخطر,Appeal_to_fear-prejudice,
1683,المقاومه الوطنيه اثبت جدواها ضد اسرائيل,Flag-Waving,
1684,اعادوا الفلسطينيين المسلحين الى لبنان انما اعادوا طريق سوريا بواسطه خيمه الانقاذ الوطني الفلسطيني اصبحت عرفاتيه وصولها الى المخيمات وعن طريق حلفاء سوريا,"Whataboutism,Straw_Men,Red_Herring",
1685,لبنان الاشتراكيون امل وسوريا ضد العوده فهي سلحت وتسلح المخيمات الفلسطينيه غطت وتغطي عمليات المقاومه الوطنيه الجنوب وهي ادخلت حزب الله الى لبنان,"Whataboutism,Straw_Men,Red_Herring",
1686,راى يساعد ابقائها مشتعله يشكل عاملا تدميريا للبنانيين والمقاومه والجنوب والفلسطينيين والقضيه الفلسطينيه,Appeal_to_fear-prejudice,
1687,وحضر نائب الامين العال التنظيم الشعبي الدكتور اسامه سعد واركان قياده الجبهه الديموقراطيه منطقه صيدا واعضاء اللجنه الشعبيه المخيم وقيادات المقاومه الفلسطينيه الجنوب وممثلون لهيئات ومؤسسات اجتماعيه وانسانيه محليه,other-nonpropaganda,
1688,والقى سعد كلمه جاء فيها يسرنا ان نفتتح المعرض ذكريات انطلاقه الجبهه الديموقراطيه خصوصا في الوقت تمر فيه القضيتان الوطنيتان اللبنانيه والفلسطينيه ظروف صعبه,Appeal_to_Authority,
1689,طبيعه العلاقات المميزه سوريا ولبنان,other-nonpropaganda,
1690,قال سوريا ولبنان شعب واحد وقرارنا الوقوف الى جانب لبنان وتقديم مساعده,Appeal_to_Authority,
1691,اكد الرئيس الاسد وقوف سوريا اللامحدود الى جانب المقاومه الوطنيه الباسله تكبد العدو افدح الخسائر الجنوب,Appeal_to_Authority,
1692,وفضح الرئيس حافظ الاسد الانظمه والزمر المتامره القضايا العربيه الراكضه وراء اسراب الحلول الاستسلاميه,Appeal_to_Authority,
1693,ان خطاب القائد الاسد يجعلنا يقين بان القضيه الفلسطينيه بد تنتصر رغم انف ياسر عرفات,Thought-terminating_Cliches,
1694,والمؤامره الاميركيه الصهيونيه وانظمه فالى القائد التاريخي حافظ الاسد تحيه الاكبار والتقدير,Loaded_Language,
1695,وفي بعلبك تحدث عضو قياده المنظمه السيد سليم الهق ندوه سياسيه عقدت مقر شعبه بعلبك الذكرى والاهداف وفي مخيم الجليل الفلسطيني,other-nonpropaganda,
1696,اقامت القياده القطريه الفلسطينيه مهرجانا الكونزيدراليه الايطاليه للعمال وعد بالدعم يحمل المشاريع,other-nonpropaganda,
1697,انهى امس وفد الكوتفيديراليه العامه لاتحاد النقابات العماليه الايطاليه زيارته للبنان لقاءات خلال يومين شملت رئيس الحكومه السيد شيد كرامي ووزير العمل الرئيس سليم الحص وفاعليات سياسيه واجتماعيه البقاع والجنوب وبيروت,other-nonpropaganda,
1698,اللجان الشعبيه وفصائل المقاومه الفلسطينيه مخيمات عين الحلوه ومار الياس,other-nonpropaganda,
1699,الجنوب ووفود شعبيه,other-nonpropaganda,
1700,وكان الاستقبال المسؤول السياسي لمنظمه البعث الجنوب المهندس محمد محمديه وقائد قوات الصاعقه لبنان المقدم ابو الفوز والمسؤول العسكري قوات البعث الرائد احمد عاصي وقائد السريه الامنيه النقيب شحاده,other-nonpropaganda,
1701,ووزعت المنظمه بيانات وقصاصات تضمنت مبادئ الحزب ومواقفه القضيه الفلسطينيه واللبنانيه ونوه متى نور جبهه المقاومه الوطنيه,other-nonpropaganda,
1702,الاثنين فضل الله الاجتماعات الوزاريه لا تساهم التوصل الى حل فلسطينيه للمقاومه الضفه الغربيه الاردن,other-nonpropaganda,
1703,وان تفتح خبمه في الجولان وان تقوى الجبهه داخل فلسطين لتتكامل,Causal_Oversimplification,
1704,جبهه الجنوب يخوضها المجاهدون اللبنانيون ويخوضها الفلسطينيون الى جانبهم اذا شاؤوا الجبهات بقطع النظر الظروف الصعبه,Flag-Waving,
1705,ان الفلسطينيين فعلوا فعلوه ارض لبنان وعلى حساب شعبه خصوصا في الجنوب وفي اعتقادهم انهم يدافعون ديمومه المقاومه,Doubt,
1706,والاسرائيليون اعتقدوا انهم بضرب المقاومه الفلسطينيه لبنان لحق باللبنانيين لحق دمار وخراب وتهجير وقتل واحتلال ينهون بذلك المقاومه,Doubt,
1707,واعتبر تصاعد الغارات الاسرائيليه المخيمات الفلسطينيه والاعتداءات القرى محاوله مكشوفه لتحقيق الانتقام التصاعد الملحوظ عمليات المقاومه العربيه الباسله سواء الجنوب اللبناني او فلسطين المحتل الجولان العربي السوري,Appeal_to_Authority,
1708,وياتي القرار وقت تواصل اسرائيل شن اعتداءاتها الوحشيه القرى اللبنانيه والمخيمات الفلسطينيه الجنوب,Loaded_Language,
1709,وتنذر المؤشرات باقدامها عدوان جديد واسع ضد لبنان الشقيق لضرب المقاومه الوطنيه المتصاعده وتصفيتها ياتي سياق الهجمه الحاقده يشنها التحالف الاميركي الاسرائيلي وبعض الحكومات الرجعيه ضد منظمه التحرير الفلسطينيه اجل ضرب وحدتها ومجو النجاح العظيم حققه المجلس الوطني الفلسطيني,Appeal_to_fear-prejudice,
1710,والضغط الجنوب والعاصمه تواصلا وترابطا المنطلقات والاهداف والصراعات,Loaded_Language,
1711,وفي الذكرى الخامسه لابشع عمليه اجتياح تعرض لبنان عاصمته بيروت نرى ان حاله ضغط عسكري اسرائيلي تمارس شعبنا الجنوب الممكن ان تقود الى عمليه اجتياح لبعض مناطقه لتحقيق عجز تحقيقه العام,Appeal_to_fear-prejudice,
1712,واصدرت منظمه الشبيبه الديموقراطيه اتحاد الشبيبه الشيوعيه منظمه الشبيبه منظمه الطلائع والشبيبه الفلسطينيه بيانا مشتركا الشمال اعتبرت ان العدوان الصهيوني العام هدف الى ضرب الوجود العلني للمقاومه والاخلال بميزان القوى لمصلحه القوى المعاديه وزرع الياس والقنوط نفوس جماهير شعبنا لتمرير مؤامرات التصفيه,Appeal_to_Authority,
1713,المقاومه عقدت وللاسف وقفا لاطلاق النار العدو الاسرائيلي عام,other-nonpropaganda,
1714,عقدت اتفاقا اخر تمثل نسحاب منظمه التحرير الفلسطينيه ومقاتليها عسكريا لبنان وبعد غطت المقاومه المؤمنه المجاهده جنوب لبنان الفراغ العسكري,Flag-Waving,
1715,وبمقدار,other-nonpropaganda,
1716,لالغاء اتفاق القاهره اهميه وايجابيات التزام تنفيذ الالغاء اهميه اكبر وايجابيات اكثر وذلك بتوقف العمليات الفلسطينيه الجنوب ليصبح الامكان تنفيذ اتفاق,Causal_Oversimplification,
1717,وقرارات مجلس الامن تطالب اسرائيل بالانسحاب الاراضي اللبنانيه ونشر القوات الدوليه طول الحدود ومواصله الضغط لتحقيق بواسطه المقاومه الوطنيه اللبنانيه عمل لبناني مشروع للتحرير وابدال الامن الذاتي الفلسطيني او الامن العربي او الدولي المستعار بامن الشرعيه اللبنانيه,Causal_Oversimplification,
1718,ثالثا دعم المقاومه الجنوب وتصعيدها وتعبئه الطاقات اطار عمليات مشتركه,Flag-Waving,
1719,رابعا اعتبار عروبه لبنان هويه ومنهجا المقياس للبعد لبنان الطائفي وتحدد اقامه العلاقات المميزه سوريا استعاده اللحمه الشعبين اللبناني والفلسطيني,Flag-Waving,
1720,اتفاق دمشق حزيران الاطار ينظم العلاقات اللبنانيه الفلسطينيه بديلا اتفاق القاهره,Black-and-White_Fallacy,
1721,اضافه الى رفض محاولات التمسك باتفاق القاهره واعتبار الانسحاب الفلسطيني شرق صيدا مقدمه ضروريه لاستعاده اللحمه المنشوده,Black-and-White_Fallacy,
1722,اعلنت جبهه النضال الوطني الفلسطيني ان وفدا برئاسه ابو خالد الشمال وعضويه السيد ابراهيم السعدي ابو رياض ابو نضال التقى وفدا الجبهه الديموقراطيه لتحرير فلسطين فهد والسيد صالح زيدان وتشاورا الاوضاع اللبنانيه والفلسطينيه ضوء استمرار الغارات الاسرائيليه مخيمات شعبنا الجنوب والقري الجنوبيه,Appeal_to_Authority,
1723,وقالت جبهه النضال ان المجتمعين اتفقوا درس سبل تعزيز المقاومه لمواجهه الاعتداءات الاسرائيليه وسبل تعزيز المواجهه للاحتلال الاسرائيلي ومشاريعه الانعزاليه لبنان,Appeal_to_Authority,
1724,واصدرت منظمه حزب البعث وقياده الصاعقه في الجنوب بيانا جاء قرابه الثانيه ظهر اليوم الواقع عشيه يد الغدر والعماله لتغتال احد رموز المقاومه الوطنيه الفلسطينيه حاتم كعوش عضو المؤتمر القومي لحزب البعث العربي الاشتراكي,Appeal_to_Authority,
1725,عضو قياده منظمه لبنان في الصاعقه,other-nonpropaganda,
1726,عضو المجلس الوطني الفلسطيني الدوره ان اليد الجبانه امتدت لاغتياله انما كانت تستهدف اغتيال مواقفه الوطنيه مدى سنين طوال قضاها عطاء ومجدا وجهدا سبيل القضيه والوطن خصوصا,Appeal_to_Authority,
1727,يضاف الى موقف الاتحاد السوفياتي رغم تاييده لسياده لبنان وتاكيده احترام السياده ورفص الفلتان والتجاوزات الفلسطينيه بقاء السلاح المخيمات ان ينظم استعماله ضد اسرائيل خلال مقاومه لبنانيه فلسطينيه,"Whataboutism,Straw_Men,Red_Herring",
1728,يظل الاتحاد السوفياتي يمسك بورقه الجنوب ويضغط البحث اي حل الازمه لبنان وازمه المنطقه,Black-and-White_Fallacy,
1729,ان حركه امل تريد اغلاق مناطق الجنوب امام الكفاح المسلج الفلسطيني لتجنب ردات الفعل الاسرائيليه,Causal_Oversimplification,
1730,وان يقتصر الكفاح المقاومه اللبنانيه اجل تحرير الجنوب فقط,Black-and-White_Fallacy,
1731,وطالبت بوقف اعمال التنكيل والاعتقال واستباحه المخيمات وضمان عوده المهجرين والافراج عن معتقلين وملاحقه التحقيقات شان المتهمين باعمال التصفيه والاغتيال طاولت لبنانيين وفلسطينيين اندلاع الفتنه ايلول ووضع تنظم العلاقه المخيمات,Appeal_to_Authority,
1732,واصدرت قياده فصائل المقاومه الفلسطينيه الجنوب بيانا ركزت الاتي تستغرب القياده تصعيد حركه امل اسابيع اعتداءاتها دهم واعتقالات وتعذيب وتصفيه وابعاد لجماهيرنا الفلسطينيه مخيمات صور,Appeal_to_Authority,
1733,وبعد انتهاء الاجتماع اذيع البيان اولا يتعرض جنوب لبنان ممارسات ارهابيه ضد ابنائه وضد المخيمات الفلسطينيه,Loaded_Language,
1734,تم التاكيد ان اسلوب الكفاح ضد العدو الصهيوني الاسلوب الوحيد لاخراج العدو وتحرير الارض المغتصبه عبر المقاومه الوطنيه وتصعيد الدور القومي للحزبين,Black-and-White_Fallacy,
1735,احتمال تجدد حرب المخيمات ويخشى المراقبين ان تتجدد اقتراب موعد التجديد للقوه الدوليه الجنوب الاضطرابات سواء عبر اعتداءات تقع القوه الدوليه او عبر هجمات تقوم بها المقاومه الوطنيه او الاسلاميه ضد اسرائيل,Appeal_to_fear-prejudice,
1736,وياتي الرد عليها في القرى اللبنانيه والمواقع الفلسطينيه او بعوده التوتر عناصر حركه امل والمقاتلين الفلسطينيين ينذر بتجدد حرب المخيمات الحرب تغير معطيات وتقلب معادلات تجددها,Appeal_to_fear-prejudice,
1737,الفصائل الفلسطينيه الجنوب النهار تعددت امس المواجهات المقاومه والقوات الاسرائيليه جيش لبنان الجنوبي داخل الحزام الامني جيش لبنان الجنوبي داخل الحزام الامني,Loaded_Language,
1738,وتحدث المقاومون ايقاع قتلى وجرحي صفوف الجنوبي,Loaded_Language,
1739,واعترف الجيش بسقوط جرحى بنت جبيل ومرجعيون,Loaded_Language,
1740,مراسل النهار بنت جبيل ومرجعيون افاد ان طريق جزين الريمات صيدا تزال مقفله يوم الاربعاء امام سيارات الركاب ولم تسمح الميليشيات الجانبين بعيورها لسيارات الصليب الاحمر اللبناني ولم يعط تفسير لهذا الاقفال,Loaded_Language,
1741,ووزعت نبذه حياه وهبه انه مواليد جمهوريه مصر العربيه محافظه المنيا مركز ملوي صعيد مصر,other-nonpropaganda,
1742,قاتل الى جانب الثوره الفلسطينيه والقوى الوطنيه اللبنانيه جنوب لبنان,other-nonpropaganda,
1743,انتسب الى جبهه المقاومه الوطنيه اللبنانيه ورابطه مصر العروبه عام,other-nonpropaganda,
1744,جرح اثر اشتراكه عمليات بطوليه الجنوب اللبناني عام,other-nonpropaganda,
1745,وكما ان دعم المقاومه يتطلب مزيدا الوحده القوى الوطنيه اللبنانيه والقوى الوطنيه الفلسطينيه وسوريا,Thought-terminating_Cliches,
1746,التحالف اسقط المشروع الاسرائيلي الاجتياح عام,Loaded_Language,
1747,يبقي الاساس اسقاط المشروع الاسرائيلي اليوم المتمثل بتحالف القوات والكتائب,Thought-terminating_Cliches,
1748,تحيه لابطال جبهه المقاومه الوطنيه اللبنانيه لكل المقاومين لجماهير شعبنا الصامده وجه الاعتداءات الاسرائيليه الوحشيه في جنوبنا المظلوم ومدنه,Flag-Waving,
1749,ان الذكرى الخامسه لانطلاقه جبهه المقاومه الوطنيه اللبنانيه تطل علينا اليوم الاحتلال الاسرائيلي مستمر لرقعه واسعه الجنوب وسيما العدو الصهيوني ينفذ خطته التدميريه المتجدده ضد الشعبين اللبناني والفلسطيني ويلوح بالمزيد التصعيد لضرب الموقع الوطني تجسده مدينه صيدا واقتلاع احمد منتش المخيمات الفلسطينيه تجاورها,Loaded_Language,
1750,واعلن استمرار دعم سوريا للمقاومه اللبنانيه الباسله تنسحب القوات الاسرائيليه جنوب لبنان ويتحرر اخر شبر الاراضي اللبنانيه,Appeal_to_Authority,
1751,وبالنسبه الى الخليج راى الشرع ان الوضع المتوتر يدعو الى القلق والفلسطينيون عامل استقرار,Appeal_to_fear-prejudice,
1752,نقلت امس وكاله تانيوغال يوغوسلافيه الرسميه رئيس اللجنه التنفيذيه لمنظمه التحرير الفلسطينيه السيد ياسر عرغات ان اسرائيل,Appeal_to_Authority,
1753,وحض اليمين الفلسطيني التزام الوحده الفلسطينيه وبرنامج دوره وتلته مسؤوله المكتب النسائي الجبهه ام سعيد دور المراه الفلسطينيه المقاومه ودعم ابطال التحرير,Appeal_to_Authority,
1754,اراضي جديده النبطيه وعلما الشعب وبيار ونصور,other-nonpropaganda,
1755,النهار اعلن القائمقام الاول صور وبنت جبيل السيد غسان حيدر ان عمليه قضم جديده للاراضي اللبنانيه المتاخمه للحدود الدوليه الجنوب املاك المسلمين اوالمسيحيين,Appeal_to_Authority,
1756,تداركا لاوضاع خطيره الافق ولن تكون كارثه الوضع اللبناني والقضيه الفلسطينيه,Appeal_to_fear-prejudice,
1757,ثالثا يعتبر المكتب السياسي للحركه الانسحاب الاسرائيلي الاخير تلال الخزان والحقبان وتحرير قرى كفرا وياطر ثمره جديده للعمل الجهادي تقوم المقاومه الجنوب,Appeal_to_Authority,
1758,واشادت الاذاعه بعمليات المقاومه الاسلاميه الاسرا جنوب لبنان وبالتظاهر الفلسطينيه الاراضي المحتله وبعمليه احتجاز جماعه فلسطينيه,Appeal_to_Authority,
1759,احمد منتش,other-nonpropaganda,
1760,اكد رئيس التنظيم الشعبي الناصري المهندس مصطفي سعد ان خيارنا يترجم بالتضحيات يقدمها شعبنا يوميا مسرح الجهاد والنضال الحقيقي,Appeal_to_Authority,
1761,واعلن الامين العام لمنظمه العمل الشيوعي السيد محسن ابرهيم اننا نطمح الى تجديد التحالف القوى الوطنيه اللبنانيه والمقاومه الفلسطينيه ضد اسرائيل الجنوب وعملائها الداخل,Appeal_to_Authority,
1762,واكد ان طرابلس تركع ولن تستسلم مهنئا رئيس حركه التجمع الاسلامي السيد سعد الدين حميدي صقر ورئيس فرع الاتحاد الوطني لطلبه لبنان البقاع السيد حسام رعد,Appeal_to_Authority,
1763,اللجنه الشعبيه لحركه المقاومه الفلسطينيه مخيم نهر البارد وقياده منطقه الجنوب لمنظمه التوحيد ونرفض خارجيات القياده القطريه لمنظمه حزب البعث العربي الاشتراكي,Appeal_to_Authority,
1764,ان الازمه اللبنانيه حقيقه الامر عربيا اوروبيا,Thought-terminating_Cliches,
1765,الدوله عزلت نفسها الاهتمام باوضاع الجنوب وكان الامر يعنيها ولم تتخذ موقفا صريحا وواضحا الاعتداءات الاسرائيليه بحيث ترد عليها,"Whataboutism,Straw_Men,Red_Herring",
1766,بلغت التضحيات المقاومه الفلسطينيه بحيث تضبطها وتنظمها فكانت النتيجه ان اصبحت الدوله معزوله وبالتالي مهزومه امام الدويلات وتفشي داء الجنوب الى الاستطاعه الان,Causal_Oversimplification,
1767,ان تقوم الدوله القويه لبنان تناضل اجل استعاده الجنوب حربا سلما,Flag-Waving,
1768,اميل خوري اقترح النواب الاجتماع عقد منزل المهندس داني شمعون ان يصار الى ملء المقاعد الخاليه بالانتخاب بواسطه المجلس النيابي خصوصا ان مقعدا اصل خلاف ملئها,Appeal_to_Authority,
1769,خصوصا الجنوب اللبناني يبقى مبرر لاستمرار المقاومه سواء كانت فلسطينيه او لبنانيه او مقاومه اخرى,Causal_Oversimplification,
1770,ومتى توقفت المقاومه نتيجه الحل ينتقل للقضيه الفلسطينيه ولاحتلال اسرائيل اجزاء اراضي دول عربيه فان القوات الاسرائيليه تنسحب الجنوب البقاع الغربي لانه يعود مبرر لبقائها سياسيا امنيا,"Whataboutism,Straw_Men,Red_Herring",
1771,بدايه النهايه لبنان والنزاع الاسرائيلي وتكون بدايه نهايه الحرب لبنان ينتهي نهايتها وجود الميلشيات والمجموعات المسلحه لان الحرب كانت مبرر قيامها واستمرار وجودها,Causal_Oversimplification,
1772,بيروت لبنان تقرر تدخل العاشره قبل ظهر اليوم الاحد وحدات الجيش اللبناني مخيمي صبرا وشاتيلا للمحافظه الامن فيهما وحمايه,Loaded_Language,
1773,اتخذ القرار مساء امس اجتماع عقدته لجنه الاتصال العسكريه اللبنانيه الاسرائيلي عقب المجزره وقعت المخيمين ليل الجمعه السبت الماضي وذهب ضحيتها نساء واطفال وشيوخ وشبان,Appeal_to_Authority,
1774,يتوافر رقم دقيق عددهم بسبب الطوق فرضته القوات الاسرائيليه المخيمين وعدم انتشال الجثث الشوارع تحت انقاض المنازل دمرت,Loaded_Language,
1775,واعتبر ان يجري اليوم الارض اللبنانيه تخطيط امريكي مجرم وان اميركا لن تتراجع اذا لم تحلم تهجير اللبناني لتوطين الفلسطيني مكانه,Doubt,
1776,واكد ان اسرائيل هي المسؤول الاول والاخير مجزره مخيمي صبرا وشاتيلا,Black-and-White_Fallacy,
1777,قال امس الرئيس فرنجيه ندوته الصحافيه الاسبوعيه اهم نخسر لبنان عموما واهدن خصوصا العلامه الاستاذ جواد المدني اللبناني انه رحمه الله عليه خدمه مسقط راسه وشاب خدمه لبنان,Appeal_to_Authority,
1778,المنطقه واقام حواجز ثابته واخرى متنقله ودهم عددا المنازل والمباني بحثا اسلحه ومطلوبين مقيمين لبنان اقامه مشروعه,Loaded_Language,
1779,المقرر ان يستكمل انتشاره الايام الثلاثه المقبله بحيث كليا فصل القوات واستمرت امس لليوم السادس التوالي اعمال انتشال الجثث تمر ضحايا مجزره صبرا وشاتيلا ورفع انقاض المنازل المنسوفه وقد الملابسات وراءهم,Loaded_Language,
1780,القاضي اهارون باراك الى اليسار والجنرال الاحتياط يونا افرات عفوا لجنه التدقيق مجزره صبرا وشاتيلا كشفتها الحكومه الاسرائيليه رئاسه رئيس المحكمه العليا اسحق كاهان الاسرائيلي ان جنوده لا يمكن الاسرائيليه والسوريه والفلسطينيه انتقادهم قط وان المعنويات لبنان,Appeal_to_Authority,
1781,البلده اتجاه الكنيسه قاطعه الشوارع تتقدمها صور الشيخ بيار الجميل واكاليل زهر وبدعوه قسم السفرا الكتائبي اقيم صباح الاحد قداس وجناز كنيسه مار جرجس لراحه نفس الشيخ بشير الجميل والشيخ بيار الجميل,other-nonpropaganda,
1782,التظاهره شارع صبرا الرئيسي الديموقراطي الفلسطيني الذكرى الثانيه لمجزره مخيمي صبرا وشاتيلا بتظاهره ومهرجان المخيمين اضربا استنكارا الصباح تجمع عشرات النسوه والاطفال والشبان والشابات امام النصب التذكاري المقبره الجماعيه,Loaded_Language,
1783,وحراس البلاد يجب ان تستمر,other-nonpropaganda,
1784,يجوز ان مسلم سلاح عمليه انتزاع السلاح الاجتياج فجريمه تغتفر فهي ادت الى مجزره صبرا وشاتيلا انسحاب القوه المتعدده الجنسيات,Black-and-White_Fallacy,not sure about this
1785,الفيديراليه نيويورك دعو يوزير الدفاع الاسرائيلي السابق ارييل شارون المجله لتحميلها اياه مسؤوليه مباشره مجزره صبرا وشاتيلا بيروت عام,other-nonpropaganda,
1786,وقال هاليفي ان لديه معلومات جديده تظهر ان شارون يتحمل درجه اعلى التواطئ والمسؤوليه المباشره واوضح انه اذا كان علي ان اعيد كتابه مذكرتي كتبتها السادس كانون الاول فانني شاهد مستوى جديدا المسؤوليه المباشره ساجدد ان الوزير شارون شاهد العلامات,Appeal_to_Authority,
1787,اتهمته بالتعريض مجزره صبرا وشاتيلا بيروت عام وهذه الحركه منشقه حزب العمل ولها ثلاثه مقاعد الكنيسه,Appeal_to_Authority,
1788,وذكرت عريضتها ان شارون قال حينها انو سيغيب اسبوعين فقط وقد انهى شهادتهه قبل بضعه ايام,Appeal_to_Authority,
1789,واثار غياب الوزير نقاشا حادا مجلس الوزراء الاسرائيلي الاحد الماضي ودعا حاييم بارليف وزير الشرطه شارون الى العوده او الاستقاله,Appeal_to_Authority,
1790,رويترز غادر امس وزير الصناعه الاسرائيلي ارييل شارون والاسرائيلي للبنان تل ابيب طريقه الى نيويورك لمتابعه الدعوى اقامها مجله تايم الاميركيه مزودا شهاده جديده قال انها,Appeal_to_Authority,
1791,وافادت وزاره العدل ان رئيس المحكمه العليا السابق اسحق كاهان راس لجنه التحقيق الاسرائيليه مجزره صبرا وشاتيلا شهد بان وزير للدفاع المجله الاميركيه مطالبا بتعويض مليون دولار لانها زعمت الملحق اشار الى انه ناقش مساله الثار اسره الجميل,Appeal_to_Authority,
1792,واعتبرت ان شارون نتيجه روايه نشرتها المجله مجزره مخيمي صبرا وشاتيلا بيروت,Appeal_to_Authority,
1793,واصل المحلفون وهم سيدات ورجلان مداولاتهم الجانبين الاخرين لدعوى القدح بموجب قانون الولايات المتحده وهما اذا كانت الروايه زائفه اذا كانت المجله نشرتها وهي علم بانها زائفه او اهملت بالتغاضي الحقيقه,Doubt,
1794,المحكمه خسر امس ارييل شارون وزير التجاره والصناعه الاسرائيلي كان وزيرا للدفاع وقوع مجزره مخيمي صبرا وشاتيلا دعوى القدح اقامها مجله تايم الاميركيه نيويورك مطالبا بتعويضات تقدر بمليون دولار بعدما قررت هيئه المحلفين المحكمه ان المجله تنشر المقال موضوع الدعوى سوء نيه,Doubt,
1795,القدس,other-nonpropaganda,
1796,قال اسحق شامير وزير الخارجيه الاسرائيلي وزعيم تكتل ليكود ان قرار هيئه المحلفين اثبت ان نشرته تايم علاقه شارون بمجزره صبرا وشاتيلا يعدو كونه تفسيرا اساس له,Appeal_to_Authority,
1797,وسر انصار شارون اسرائيل بنجاح وزير الدفاع السابق غسل يديه مجزره مخيمي صبرا وشاتيلا,Doubt,
1798,بينما قال انهم وقفوا,other-nonpropaganda,
1799,ويشار الى ان شارون خسر الشهر الماضي دعواه المجله اتهمته التشجيع مجزره صبرا وشاتيلا واعتبر ان تطور المحاكمه برا شارون المسؤوليات حمله اياها تقرير كاهان شان المجزره,"Whataboutism,Straw_Men,Red_Herring",
1800,وتسائل الفرق جرائم الكتائب صبرا وشاتيلا وجرائم البعث وحركه تشرين طرابلس وقال ايهم اكثر بغياء قتلوا الناس ام اعتقلوهم ليحققوا,"Bandwagon,Reductio_ad_hitlerum",
1801,ورد المطالبين بتسليم الموقوفين الى الدوله قال تسلم المجرم الى ارسله الينا وذكر بمصير اوقفوا بتهمه ارتكاب مجزره البحصاص قبل اقل عامين سلموا الى الدوله ولم يعاقب احد منهم,"Whataboutism,Straw_Men,Red_Herring",
1802,تاتي الذكرى وهنا نص البيان الثامنه لاستشهاد القائد المعلم كمال جنبلاط ومعركه تحرير لبنان الاحتلال الاسرائيلي وعملائه وافرازاته تبلغ ذروتها,Loaded_Language,
1803,تصاعد العمليات البطوليه لجبهه المقاومه الوطنيه اللبنانيه وفي صمود جماهير الجنوب والبقاع الغربي وراشيا وجه بربريه الصهاينه وهمجيتهم والتي تضاهي الجرائم النازيه,"Exaggeration,Minimisation",
1804,تشهد بذلك مجازر الزراريه ومعركه وبئر العبد وقبلها مجزره صبرا وشاتيلا وغيرها الجرائم تكشف مدى الحقد المستشري للعدو الاسرائيلي ثار لهزيمته العسكريه والسياسيه واضطراره الى الانسحاب شرط رغم الخسائر الجسيمه يتكبدها,"Bandwagon,Reductio_ad_hitlerum",not sure about this
1805,نذكره صبرا وشاتيلا المجزره خجل العالم خجل باسمنا باسم الشرعيه تغطيه المؤامره استهدفت الشعب الاعز والابرياء والاطفال والنساء والشيوخ,Doubt,
1806,فالمنهجيه سمير جعجع اعتبارا مجزره اهدن مرورا بالاجتياح الاسرائيلي رافقه مجازر صبرا وشاتيلا وصولا الى قيادته حرب الجبل واخلائه اسرائيل دير القمر المحاصره وانتهاء باعاده تركيزه بلاد جبيل,"Bandwagon,Reductio_ad_hitlerum",
1807,ان المتتبع لكل يرى بوضوح الخط الاسرائيلي المتواصل المنهجيه تكون بلغت ذروتها التحرك الاخير يقوده بالاشتراك رموز اخرى للخط نفسه,"Whataboutism,Straw_Men,Red_Herring",
1808,ونعلم ايضا ان الخلافات اميركا واسرائيل تشمل شؤونا عده وان السفير الاميركي روبرت ديلون حذر بعبارات تثير التباس مشاركه القوات اللبنانيه الى جانب اسرائيل عملياتها,"Bandwagon,Reductio_ad_hitlerum",
1809,لبنان يعرض لاقصى الخطر القياده نفسها وفي صدد مجزره صبرا وشاتيلا تعجب فيليب حبيب للرئيسين صائب سلام وشفيق الوزان عدم حصولها,Loaded_Language,
1810,وقد اعترض السفير واكد ان فرنسا تريد ان تحل اليوم مفهوما ينطلق الثوره الفرنسيه وذكرته بدور القوه المتعدده الجنسيه دخلت لوقف الانهيار الماروني وانسحبت قبل وقوع مجزره صبرا وشاتيلا بساعات لتتم الفاجعه غياب الشهود,Appeal_to_Authority,
1811,ايضا يمنع الجيش مواجهه الانتفاضه قامت ضده وتعتبر ممارسه حقه القرار,other-nonpropaganda,not sure about this
1812,اوحمل اركان الانتفاضه واتهمهم بانهم مارسوا جرائمهم ضد فرنجيه الشمال وضد شمعون وابنه وضد المسيحي الاشرفيه وفي مكان وهم ارتكبوا مجزره صبرا وشاتيلا,Appeal_to_Authority,
1813,عمان في بغداد جنوب لبنان وقفا للنار الفلسطينيين واسرائيل فتحول تحضيرا للغزو الاسرائيلي للبنان حزيران ومحاوله لضرب الوجود العسكري والسياسي لمنظمه التحرير الفلسطينيه,Causal_Oversimplification,
1814,اضافه الى انها تحترم تعهداتها لحمايه المخيمات الفلسطينيه اثر الخروج لبنان وانتهى الامر الى انسحاب اميركي مفاجيء للمجزره الصهيونيه الكتائبيه البشعه صبرا وشاتيلا,"Name_Calling,Labeling",
1815,ودان المسؤول السياسي الجماعه الاسلاميه الجنوب الشيخ صلاح الدين دان المجزره معتبرا انها تضاف الى سلسله المجازر ارتكبها العدو الاسرائيلي دير ياسين وصبرا وشاتيلا,Appeal_to_Authority,
1816,بيروت تعرضت للمجازر بدايه الفتنه لبنان السبت الاسود وحتى صبرا وشاتيلا والضاحيه تعاني اليوم مجزره جديده مخيفه جدا لان الخصومه المره ضمن اهل بيروت وهذه الفتنه تخدم قطعا الا العدو الاسرائيلي,"Exaggeration,Minimisation",
1817,ان حقيقه حصل مجازر فعليه دفعنا شهيد وجريحا فضلا تهجير معظم ابنائنا,Loaded_Language,
1818,اننا نؤكد العيش المشترك ونحن كفلسطينيين لدينا فرد ايه مجزره ابتداء دير ياسين وانتهاء بمجازر صبرا وشاتيلا ولم تكن يوم الايام ايه قريه مسيحيه مهدده الفلسطينيين بحكم انتمائها المذهبي,Loaded_Language,
1819,واهالي درب السيم والميه وميه ومغدوشه جيدا وان النار كانت تاتي مغدوشه وتلالها كانت تحرق المخيم وتحملنا الخسائر والاستنزاف حفاظا العيش المشترك,Loaded_Language,
1820,وتحدث الشيخ عبد الحليم زيدان خطبه القاها جامع البوابه التحتا صيدا تغيير الواجهات السياسيه والعسكريه للقوات اللبنانيه,Appeal_to_Authority,
1821,وقال تغيير الوجوه انكشفت واتضحدت باخرى جديده نسبيا يمكنه ان يغش شعبنا ذاق مراره الحقد تكنه القوات اللبنانيه وهذا التعويم ولد فاشل الا انهم يجدوا وجها بينهم انظف واطهر قائد مجزره صبرا وشاتيلا,Appeal_to_Authority,Strong
1822,وانتقد المارونيه السياسيه واعتبر ان حزب الكتائب القوات اللبنانيه مدرسه واحده تغيرت القياده والواجهه وانهما عمله واحده,Appeal_to_Authority,Strong
1823,اننا نشك الشك التفاف الجمهور المسيحي حول الرمز الجديد وتكريسه للصفه التمثيليه يدعيها لنفسه نظرا الى صيته الحميد واقتران اسمه بمجزره صبرا وشاتيلا ضج العالم وكشفت دوره وسائل الاعلام العالميه تظن ان المجتمع المسيحي الغني بالرجال اصبح عاقرا لهذا الحد,"Whataboutism,Straw_Men,Red_Herring",Strong
1824,وعن نظرته الى التغيرات الاخيره القوات اللبنانيه قال ان ابعاد جعجع الواجهه ومجيء ايلي حبيقه الا تبديل للاقنعه لامتصاص النقمه المجتمع المسيحي المحلي والغربي,Appeal_to_Authority,Strong
1825,وحبيقه منفذ مجزره العصر صبرا وشاتيلا ويداه ملطختان بدماء المواطنين وشخصيته معروفه يانها احدى الادوات الاسرائيليه القوات اللبنانيه,"Bandwagon,Reductio_ad_hitlerum",Strong
1826,وذكرت حصل المناطق الشرقيه ضد اللبنانيين والفلسطينيين ومجزره صبرا وشاتيلا وبمساعده حزب الكتائب وقواته القوات الاسرائيليه اثناء اجتياحها للبنان,"Bandwagon,Reductio_ad_hitlerum",Strong
1827,وكان البطريرك حكيم صرح اننا نهنئ السيد حبيقه جرأته ويقظته الجديده سوريا وان كانت جاءت متاخره,Appeal_to_Authority,
1828,واعلن انني ساغتنم زيارتي لدمشق لمعرفه نيات المسؤولين السوريين التبدل الجذري المفاجئ اعلنه السيد,Appeal_to_Authority,
1829,وهنا ذكر العميد ان البطريرك حكيم ببعض ورد تقرير كاهان مجزره مخيمي صبرا وشاتيلا وبالتحقيق المجزره نشره اهنون كابليوك الموند وبالمقابل نشرته مجله تايم تشرين الاول المجزره ومقال بيارلوك سيقيون مجله تموانياج كريتيان تاريخ كانون الاول تحت عنوان شارون كان يعرف وكذلك الجميل,Appeal_to_Authority,
1830,كفتنا مجزره صبرا وشاتيلا ايدي الكتائب وتجري اليوم مجزره جديده صبرا وشاتيلا فلحساب,Thought-terminating_Cliches,
1831,يجري بيروت معركه طائفيه انها معركه اسرائيل ضد المسلمين جميعا وضد الوحده الاسلاميه,Thought-terminating_Cliches,not sure abou this - it is though terminating-cliche or black-white fallacy (dictatorship)
1832,عين بعال وجه اهالي عين بعال الى رئيس حركه امل الوزير نبيه بري البيان اذ نستنكر بشده الاعتداء حركه امل المجاهده المؤمنه,Appeal_to_Authority,
1833,نتوقف طويلا امام البندقيه المحاهده ظهرت حديثا ونتساءل اين كانت ايام مجزره صبرا وشاتيلا لماذا تطلق رصاصه واحده العدو الصهيوني,Doubt,Strong
1834,لذلك فاننا نصر قطع اليد العميله تلوثت بدماء الابرياء والاطفال والنساء معاهدين الله ورسوله السير خطى الامام الصدر المغيب واضعين امكاناتنا البشريه والماديه تصرفكم سائلين المولى عز وجل ينصركم ويسدد خطاكم خير الامه تكالبت عليها عناصر الشر وجيوش الحاقدين,Flag-Waving,
1835,فصبرا وشاتيلا رمز ابشع مجزره التاريخ والعوده اليهما وتلطيخ ايدي حركه امل مجددا امر طباق وجناس اللغه العربيه مرفوض اعلاميا خصوصا اذا كان الاعلام مجربا وخبير مثل اعلام عرفات,"Exaggeration,Minimisation",
1836,اتسمت امس حرب المخيمات حركه امل والمقاتلين الفلسطينيين يومها التاسع ببعض العنف فدارت معارك عنيفه ضد ضاجبه مخيمي صبرا وشاتيلا,Loaded_Language,
1837,تواتر معلومات مجزره ارتكبها مقاتلون فلسطينيون ضد مقاتلين امل وجنود اللواء السادس عمليه تسلل الى مستشفي دار العجزه الاسلاميه,Loaded_Language,
1838,لقد كان سكان المخيم الشيعه وعندما حصلت مجزره القوات اللبنانيه صبرا وشاتيلا سقط شيعيا بينهم,Loaded_Language,
1839,تحدث المسؤول الاشتراكي التطورات لبنان فقال ان الوضع صعب جدا وان يجري بيروت نسخه جديده صبرا وشاتيلا ويشكل ماساه الى الفلسطيني اشاره الى تكرار مجزره المخيمين,Appeal_to_Authority,
1840,مجزره صبرا وشاتيلا عام نفذها شارون بقوات مشتركه جيش هو القوات اللبنانيه,"Bandwagon,Reductio_ad_hitlerum",Strong
1841,"""مجزره صبرا وشاتيلا وبرج البراجنه عام تنفذها ماديا وبشريا زمر فاشيه حركه امل والجيش اللبناني اللواء السادس انسجاما المشروع السياسي الصهيوني","Bandwagon,Reductio_ad_hitlerum",Strong
1842,المؤتمر جاء بعدما انطلقت المراه الفلسطينيه مجزره صبرا وشاتيلا لتقول وامعتصماه فكان المرد الدعوه الى القمه,Causal_Oversimplification,
1843,لبنان صينيه فضه الى اسرائيل وكان عرابا لمجازر صبرا وشاتيلا والصفرا وكان مساهها كبيرا وراء الستار مجزره اهدن ذهب ضحيتها ولدكم وزوجته وابنته الطفله وكان سببا مجازر المتن وبعض قرى جبيل,"Exaggeration,Minimisation",
1844,عندما يكون احد اطراف التحالف الرمز الاسرائيلي رمز مجزره صبرا وشاتيلا يمكن ان موقع الحوار موقفنا,"Bandwagon,Reductio_ad_hitlerum",
1845,ومنعت مرور السيارات سوق الخضر باستثناء السيارات تنقل الخضر ووزعت قصاصات باسم جبهه الانقاذ,other-nonpropaganda,
1846,اللجنه الشعبيه يسقط اطفالنا ضحايا,Loaded_Language,
1847,الجيش ساهموا منع اطلاق النار الهواء كان صبرا وشاتيلا رصاص وقعت المجزره القناع الليل والنهار وبعد زوال الاحتلال خدمه للجبناء والعملاء احمد منش الحركه منطقه بنايات رستم شارع عبد المنور حاره حريك وكانت مزوده رشاشات ثقيله راحت تطلق النار الهواء وعلى منازل الفلسطينيين,Loaded_Language,
1848,انطلقت مجموعات همجيه لتقتحم بيوت العائلات الامنه وكما فعل الصهاينه المحتلون مضى فعلوا هناك,"Bandwagon,Reductio_ad_hitlerum",
1849,لهذا نحتاج الى التنسيق نستطيع ان يحمي بعضنا بعضا,Thought-terminating_Cliches,
1850,ولكي نكون قال الله يحب يقاتلون سبيله صفا لكنهم بنيان مرصوص يحبه الله كلكم تقولون انكم تريدون قتال اسرائيل ونحن نصدكم لذا وفروا القتال,Black-and-White_Fallacy,
1851,وقال علينا ان نفهم ان قام بمجزره صبرا وشاتيلا وخطط لمجزره بئر العبد ومجازر الضاحيه وبيروت يمكن ان يخلصوا للانسان الحر,Appeal_to_Authority,Strong
1852,الاوضاع لمسك الاوراق ستضيع الاوراق,other-nonpropaganda,
1853,اضراب غدا في عين الحلوه مسيره نظمنها الشبيبه الفلسطينيه ذكرى مجزره صبرا وشاتيلا صيدا,other-nonpropaganda,
1854,النهار نظمت امس منظمه الشبيبه الفلسطينيه مخيم عين الحلوه معسكر الشهيد معروف سعد مسيره طالبيه وكشفيه بدعوه جبهه الانقاذ الوطني الفلسطيني الذكرى الثالثه لمجزره مخيمي صبرا وشاتيلا ورفع المشاركون اعلام لبنانيه وفلسطينيه ولافتات تندد احمد منتش بمرتكبي المجزره ومنها دماء شعبنا,other-nonpropaganda,
1855,اظهر اطهركم ايها الشارونيونون الثوره ستستمر رغم المجازر النصر والتحرير,Flag-Waving,Strong
1856,جبهه الانقاذ تدعو الى اضراب صيدا,other-nonpropaganda,
1857,النهار دعت قياده الجنوب جبهه الانقاذ الوطني الفلسطيني الى اضراب عام اليوم مخيم عين الحلوه معسكر الشهيد معروف سعد استنكارا لمجزره صبرا وشاتيلا والمجازر ترتكب ضد مخيماتنا,other-nonpropaganda,
1858,ووزعت الجبهه امس بيانا قالت ايلول يحمل طياته معاني والامل وتضحيات معاني الصمود والبطوله معاني قرار رفض خروج المقاتلين بيروت معاني رفض خيار عرفات سياسه المفاوضات,Flag-Waving,
1859,وقال البيان ان ثلاث ذكريات تمر علينا الاسبوع الاولي ذكرى راس السنه الهجريه تضعنا اجواء بدايات الدعوه الاسلاميه والثانيه ذكرى عاشوراء تضعنا اجواء محاربه الظلم والظالم قله العدد والعده والذكرى الثالثه مجزره صبرا وشاتيلا ارتكبها الصهاينه وعملاؤهم القوات اللبنانيه باشراف ايلي حبيقه يريد تبديل لونه اليوم ويقول انه اصبح الخيار العربي,Flag-Waving,
1860,احتفال الجماعه عين الحلوه صيدا النهار مناسبه راس السنه الهجريه وذكرى مجزره صبرا وشاتيلا,other-nonpropaganda,
1861,اقامت الجماعه الاسلاميه احتفالا خطابيا مخيم عين الحلوه حضره لفيف العلماء وجمهور,other-nonpropaganda,
1862,وتحدث امين الجبهه الاسلاميه الشيخ محرم العارفي فوصف مجزره صبرا وشاتيلا بانها مؤامره ضد الاسلام والمسلمين لبنان وربما تصادما اخوانهم اللبنانيين وراى ان المشاريع والطروحات اكثر خطوه مشوار الالف ميل,Appeal_to_Authority,
1863,انظمه الحزب وجبهات فلسطينيه دانت مجزره صبرا وشاتيلا وغيرها الذكرى الثالثه لمجزره مخيمي صبرا وشاتيلا,Appeal_to_Authority,
1864,دانت منظمه التحرير الفلسطينيه وجبهات وتنظيمات المجازر والمجازر ارتكبت حاره حريك والاعتداءات برج البراجنه منظمه التحرير,Appeal_to_Authority,
1865,وجاء بيان منظمه التحرير تحل الذكرى الثالثه لمجازر صبرا وشاتيلا وشعبنا يواصل نضاله الباسل الدؤوب اجل انتزاع حقوقه الوطنيه في الوطن المحتل,Flag-Waving,
1866,تنتفض جماهيرنا ضد الاحتلال الصهيوني حركه جماهيريه واسعه ينخرط شعبنا باسره وتمارس طلائعه النضال المسلح ضد العدو الصهيوني الغاصب بكل الاشكال والاساليب المتاحه,Flag-Waving,
1867,وذكر بيان الجبهه الشعبيه بمجازر ايلول الاردن اضافه الى مجزره صبرا وشاتيلا معتبرا انها افرزت دروسا غنيه اجل استمرار النضال والكفاح,Appeal_to_Authority,
1868,وذكر بمجزره صبرا وشاتيلا محييا ارواح الابرياء,Appeal_to_Authority,
1869,قال قليلات الذكرى الثالثه لاجتياح قوات الغزو الصهيوني بيروت الوطنيه والاسلاميه وفي ذكرى مجزره مخيمي صبرا وشاتيلا تبدو اليوم ملامح مواجهه مصيريه ازاء مستقبل البلد وازاء تحرير مصيره ايضا ظل استمرار الاحتلال الاسرائيلي لجزء الجنوب اللبناني,Appeal_to_Authority,
1870,وتعتبر ان اي مدخل لحل الازمه او اي مشروع سياسي يطرح يجب ينطلق مبدا استكمال تحرير الارض الغزاه,Black-and-White_Fallacy,
1871,الجبهه الديموقراطيه لتحرير فلسطين ان البيان نسب اليها ذكرى مجزره صبرا وشاتيلا نهار الاربعاء الماضي انما اللجنه الشعبيه لمخيم الجليل,Appeal_to_Authority,
1872,حسين فضل الله,other-nonpropaganda,
1873,اعلن العلامه السيد محمد حسين فضل الله انه يرفض ان يكون خطط لمجزره صبرا وشاتيلا ومجازر تلال زعتر والتبعه والمسلخ ونفذها الممثل تمتد اليه اليد,Appeal_to_Authority,
1874,واتهم القوات اللبنانيه بتهجير المسلمين جبيل وحرم بيع اراضيهم محذرا ان ابرياء مناطق اخرى سيدفعون الثمن,Appeal_to_Authority,Strong
1875,ونبه الى ان اسرائيل تسعى الى توسيع الشريط الحدودي وبناء مستوطنات الجنوب,Appeal_to_Authority,
1876,استهل فضل الله خطبه الجمعه القاها مسجد الامام الرضا بئر العبد,other-nonpropaganda,
1877,ايام مرت علينا ذكرى مجزره تشابه صورها واشكالها مذبحه عاشوراء مجزره صبرا وشاتيلا مثل فيها باطفال فلسطينيين ومسلمين لبنانيين نساء حوامل وشيوخ وعجزه حق وذبح شباب عزل,Loaded_Language,
1878,المجزره بلغت فظاعتهما ووحشيتها ان اسرائيل افسحت المجال وربما خططت وكانت غطاء سياسيا وعسكريا لمن قام حاولت التبراه واوجدت شكلا قانونيا داخل اجهزتها يحاول التحقيق ويحاكم قام تبريئ نفسها امام العالم حول المجزره,"Whataboutism,Straw_Men,Red_Herring",
1879,وافادت وكاله رويتر ان اخر عرف ديفيسون انه كان كانون الاول متن سفينه تولت اجلاء فدائيين موالين لرئيس اللجنه التنفيذيه لمنظمه التحرير الفلسطينيه السيد ياسر عرفات الف,Appeal_to_Authority,
1880,وفيها انه انضم الى منظمه التحرير رد فعل ثلاث سنوات امضاها الولايات المتحده يعبث حياك طيبه ضمير اجتماعي وبعدما شاهد صورا لمجزره صبرا وشاتيلا,other-nonpropaganda,
1881,وطرح ثلاثه اسئله تزال صور المجازر المتكرره حق شعبنا ومجزره صبرا وشاتيلا تزال ماثله امامنا يضمن سلامه المخيمات وسواحل المخيمات لبنان بعدما راينا الساحل التونسيه مدقا للطيران الصهيوني رغم ان ساكني حمام الشط نفوا انفسهم سبيل القضيه لبنان ام انه ارفك وله حقوق مواطني الارض اللبنانيه,Doubt,Strong
1882,وهل ياخذ دوره لبنان سوريا وراى ان الاجابه تكون انذاك خيانات الدول العربيه والتي اختنت جزءا ثمينا لبنان الجنوب,Doubt,
1883,واذا قررنا ان تموت فلن تستطيع اميركا ان تفعل,Thought-terminating_Cliches,
1884,ولاحظ المراقبون ان كلام الزعيم الليبي يتناقض نقيه تورط ليبيا هجومي روما وفيينا ورفضها لاتهامات بانه قدم تسهيلات لتدريب جماعه ابو نضال المنشقه دركه,"Whataboutism,Straw_Men,Red_Herring",
1885,وكان القذاقي صرح مقابله اجراها معه التلفزيون الالماني الغربي اول امس انه يفرق الهجومين مطاري روما وفييناوحمامات الدم مكان اخر العالم اشاره الى جنوب اقر والغزو الاميركي لجزيره غرينادا ومجزره مخيمي صبرا وشاتيلا,Appeal_to_Authority,
1886,المهرجان مناسبه ذكر يرئيس المصري الراحل جمال عبد الناصر,other-nonpropaganda,
1887,وذكر بمجزره مخيمي صبرا وشاتيلا قتل شخص شيوخا ونساء واطفالا الفلسطينيين شخصا عائله مقداد اللبنانيه,Loaded_Language,
1888,واشار الى ان شارون مسؤول مجزره مخيمي صبرا وشاتيلا عام والى بيغن مسؤول مذبحه دير باسين قطاع غزه عام,Appeal_to_Authority,
1889,ولم يستبعد ان تشن اسرائيل هجوما ليبيا لان هدف اسرائيل افساد استقرار البحر الاييض المتوسط وامنه,Causal_Oversimplification,Strong
1890,ورات ان يؤكد ان القوى ارتكبت مجزره صبرا وشاتيلا وقبلها استباحت مخيم تل الزعتر والنبعه وبرج حمود تريد عطي ملف اجرامها بعدما امتهنت سفك دماء,"Bandwagon,Reductio_ad_hitlerum",
1891,تعقد لجنه اهالي المخطوفين ظهر غد الاثنين مؤتمرا صحافيا دار نقابه الصحافه ترد اعلان القوات اللبنانيه انه يعد لديها,other-nonpropaganda,
1892,وقال مصدر مسؤول حزب الله تصريح دلى المستضعف ونوحدهم يتابعون قضيه ابنائهم المخطوفين وهم ومدهم المعنيون اساسا بكشف مصيرهم وتحديد المجرم الحقيقي المسؤول الجريمه البشعه,Appeal_to_Authority,
1893,لقد بلغ الاعتداء الاستعماري الصليبي واليهودي ذروته احتلال لبنان وعاصمته عام اذ دخل الجيش الصهيوني بيروت مرتكبا عملائه الصغار الصليبيين صبرا وشاتيلا وكل مكان داسته دباباتهم وارجلهم مجزره بشعه,Loaded_Language,
1894,وهذا يعني المؤلف انتصار منظمه التحرير الفلسطينيه اذ خسرت مواقعها الجنوب اجليت قواتها بيروت توفر غطاء امنيا للمدنيين الفلسطينيين بقوا لبنان فكانت مجزره صبرا وشاتيلا هبوطا فاعليه المنظمه وانحسار امكاناتهما,Causal_Oversimplification,not sure about this
1895,واصاب الدول الكبرى الصدع الشامل حتى السياسه الاميركيه هيبتها وصدقيتها حين تلجم اسرائيل اثناء الاجتياح ولم يكن ضمانها وقوع مجزره صبرا وشاتيلا,"Exaggeration,Minimisation",
1896,واكدت ان المقاتلين مخيم شاتيلا احبطوا عمليه تسلل الى شارع ابو صالح النمساويه وان قتيلا وجرحى بينهم اطفال سقطوا,Loaded_Language,
1897,ودعت الجبهه القوى والشخصيات الوطنيه والاسلاميه الى التدخل الفعال لوضع حد للمجزره الدائره ضد مخيمات شعبنا,Appeal_to_Authority,
1898,اللجان الشعبيه ووجهت اللجان الشعبيه مخيمات برج البراجنه وصبرا وشاتيلا نداء الى نائب رئيس المجلس الاسلامي الشيعي الاعلي الشيخ محمد مهدي شمس الدين والعلامه السيد محمد حسين فضل الله تمنت عليهما ارسال لجنه لتقصي الحقائق يكون حكمهما عهدناه منصفا وعادلا اجل وقف النزف,Appeal_to_Authority,
1899,ان المجزره الثالثه تحدث لمخيمات صبرا وشاتيلا وبرج البراجنه,Loaded_Language,
1900,واعتبر تصويت مجلس الوزراء انتصارا شخصيا لشامير كان يمكن ان يؤدي تحقيق تجربه رسميه الى مثل ادى اليه التحقيق مجزره مخيمي صبرا وشاتيلا ارييل شارون وزاره الدفاع,Appeal_to_Authority,
1901,وسافر كرم الى بوغوتا زياره لكولومبيا تستغرق اربعه ايام بناء دعوه رئيس اتحاد صحافيي اميركا اللاتينيه,other-nonpropaganda,
1902,اللقاء الوحدوي معركه بيروت الذكرى الرابعه للغزو الاسرائيلي لبيروت والذكرى الرابعه لمجزره صبرا وشاتيلا والذكرى الرابعه لانطلاقه المقاومه الوطنيه دعا اللقاء الوحدوي الى ندوه فكريه سياسيه الرابعه ظهر الاربعاء المقبل النادي الثقافي العربي شارع عبد العزيز بنايه يارد تحت عنوان معركه بيروت التحرريه,Appeal_to_Authority,
1903,يشترك الندوه الساده بشار همرهج الدكتور علي حسن محمد كشلي ويديرها الدكتور معن زياده,other-nonpropaganda,
1904,امام نصب شهداء مخيم برج البراجنه الذكرى الرابعه لمجزره مخيمي صبرا وشاتيلا واستنكارا للقاء الاسكندريه الرئيس حسني مبارك ورئيس وزراء اسرائيل شمعون بيريز شهد مخيما شاتيلا وبرج البراجنه مسيرات ووضع اكاليل نصب الشهداء,other-nonpropaganda,
1905,والقى ابو عدنان كلمه باسم جبهه الانقاذ الوطني الفلسطيني تحدث معاني الذكرى والقى راجي كلمه اعتبر ان مجزره صبرا وشاتيلا شاهد حيه مجيه الارهاب الاميركي الصهيوني,Appeal_to_Authority,
1906,وقال نذكر بمسلسل العدوان الاميركي ضد التخوبف الارهاب الاميركي الصهيوني جزء السياسه الرسميه لهذه الدول,Appeal_to_Authority,
1907,الذكرى الرابعه لغزو اسرائيل للبنان وذكرى مجزره مخيمي صبرا وشاتيلا اقام ان لقاء الوحدوي ندوه النادي الثقافي العربي عنوانها معركه بيروت التجربه والدلالات حضرها شخصيات وممثلو فاعليات وجمع المهتمين,other-nonpropaganda,
1908,لقد علمتنا بيروت الا نخاف وانه يمكن الانتصار علمتنا تبع العلماء,Flag-Waving,
1909,ذكرى مجزره صبرا وشاتيلا لحم العلماء المسلمين بيانا ندوه العلماء الوحدوي وبيانا العبد الله قال ان يثير الالم النفوس ان ذكرى هذه المجازر تترافق وحوار طرشان يجريه اطراف يسمى الصف الوطني,Appeal_to_Authority,
1910,الذكرى الرابعه لمجزره صبرا وشاتيلا منظمات ورابطات المعركه البهود القضيه المركزيه لامتنا,other-nonpropaganda,
1911,الذكرى الرابعه لمجزره مخيمي صبرا وشاتيلا وزعت الجماعه الاسلاميه لبنان امس بيانا دعت الى اخذ العبر والعظات المناسبه والنظر خلالها الى معالم المستقبل,Appeal_to_Authority,
1912,وشدد البيان ان المجزره ستبقى وصمه عار جبين عربي وكل مسلم الى ان يبعث الله يطهر الارض رجس اسرائيل ويعيد الى الامه عزتها وكرامتها,Appeal_to_Authority,
1913,وتبقى المعركه اليهود القضيه المركزيه لامتنا المسلمه قدر مواجهه اشد الناس عداوه لللبنانيين وحدها يجب تتوجه البنادق,Black-and-White_Fallacy,
1914,واضاف البيان حلفاء اسرائيل القوات اللبنانيه كانوا اذا الجريمه صبرا وشاتيلا يزالون مكرهم وخداعهم يتلونون حسب مناسبه ويبدلون اقنعتهم حسب ظرف,"Whataboutism,Straw_Men,Red_Herring",
1915,وذكر بمجزره مخيمي صبرا وشاتيلا كانت خطه اسرائيليه كتائبيه,Doubt,
1916,وقال علينا ان نتذكر ذبحوا الاطفال والشيوخ والنساء الفلسطينيين واللبنانيين نتبحه الكفاح لتعرف معنى السلام الاسرائيلي معنى السلام الكتائبي يدبر للمسلمين ونفهم النوع التنسيقي,Appeal_to_Authority,
1917,تحركون دائره الحوار وجيش تم تنسيقا سياسيا عسكريا امنيا يدعوا المسلمين يحصلون بوصفها الخيار الوحيد للتدرهرشي فحسب لتوحيد القوى والجهات الاهداف الواحده اجل ان تحقق ارضيه حقيقيه تحاور فاعل,Causal_Oversimplification,not sure about this
1918,التنظيم الناصري وللمناسبه وفي ذكرى مجزره مخيمي صبرا وشاتيلا ادلي المسؤول السياسي الاتحاد الاشتراكي العربي التنظيم الناصري السيد منهر الصياد بتصريح اشاد المقاتل الوطني اللبناني والمقاتل الفلسطيني والمقاتل العربي السوري,Appeal_to_Authority,
1919,وقال ان الجميع كانوا يعيشون لحظات النصر رغم اجواء الحصار المضروب والتخاذل العربي المفضوح تفاضي مؤامره خروج المقاومه ودخول القوى المتعدده الجنسيه افضت الى الدخول الاسرائيلي ومجازر صبرا وشاتيلا,Appeal_to_Authority,
1920,واشاد الدور يتطلع الاتحاد السوفياتي واليمن الديموقراطيه والجزائر اتجاه ازاله العقبات طريق وحده المنظمه والجهود الكبيره تبذل معنا لتامين افضل الظروف لانعقاد دوره جديده للمجلس الوطني لتتويج وحدتنا الوطنيه واعاده العلاقه,Appeal_to_Authority,
1921,منظمه التنظيم الشعبي الناصري الدكتور نبيل الراعي فدعا الى استخلاص الدروس مجزره صبرا وشاتيلا لمنع تكرار المجازر وتحصين الوضع الوطني وحمايته,Appeal_to_Authority,
1922,ونسال السيد ياسر عرفات لماذا يستقبل كرئيس النظام وحزبه الامس بمثل يستقبلك اليوم حراره,Doubt,Strong
1923,ولماذا يريدك اليوم سجينا لبنان حق الخروج رفضك عندما كنت قضيه وثوره شريفه اجل القضيه الشريفه,Doubt,Strong
1924,ام تراك نسيت مجزره عين الرمانه ومجازر صبرا وشاتيلا,Doubt,Strong
1925,تمر عبر وجود استراتيجيه لبنانيه وعربيه واسلاميه محذرا خطر التمدد الفلسطيني الى الجبل والشوف والى طريق بيروت والبقاع مستغربا الهجمه الاعلاميه والسياسيه والعسكريه المنسقه كتائب مجزره صبرا وشاتيلا وعرفات,Appeal_to_Authority,
1926,ونتساءل اصبح فتى اسرائيل المدلل القوات او بطل مجزره صبرا وشاتيلا ايلي حبيقه صديقا حميما للنظام السوري,"Whataboutism,Straw_Men,Red_Herring",Strong
1927,نسمح للسماسره الغرب بان يبيعوا الثوره الفلسطينيه ويسقطوا بندقيتها,Thought-terminating_Cliches,
1928,الانتكاسه طريق الاوزاعي حدثت قضاء وقدرا مؤامره مكمن اهل الاوزاعي اناس طييون ولم يبدأ آل المقداد بالمعركه وتكفيه مجزره شاتيلا وصبرا,Causal_Oversimplification,
1929,كان مسؤولا وبين الرئيس السوري والسيد ايلي حبيقه القائد السابق القوات اللبنانيه وتساءل اذا صار لقاء حسين مشروعا فلماذا نلتقي عرفات,Doubt,Strong
1930,واذا صار لقاء حبيقه ابطال مجزره صبرا وشاتيلا مشروعا فلماذا نلتقي شارون اذ فارق حبيقه وشارون وزير الدفاع الاسرائيلي السابق,Doubt,Strong
1931,وزعت بيانات ادانه باسم اللجنه الشعبيه مخيمي صبرا وشاتيلا اللجنه الشعبيه الرشيديه اللجان الشعبيه,other-nonpropaganda,
1932,واصدرت سفاره الجمهوريه الاسلاميه بيروت بيانا اعتبرت ان المجزره الوحشيه الجديده ارتكبتها طائرات العدو الاسرائيلي عين الحلوه انما تعبر مدى الحقد والهمجيه يتصف العدو التاريخي لامتنا,Appeal_to_Authority,
1933,تحركات البقاع تجديده امثال ايلي حبيقه وان تدخل الى بيوتنا وجه الحضاره والسلام فنحن عندنا عيد برباره والدماء الملطخه صبرا وشاتيلا تجف,Loaded_Language,
1934,وكتب مراسل النهار النبطيه ان المقاومه الاسلاميه احيت جبشيت ذكرى اربعين شهداء مجزره مكه حضور وفد الجمهوريه الاسلاميه الايرانيه قوامه السيد محمد هاشمي والشيخ فلاخي والمستشاران سفاره ايران بيروت السيدان محمد ورحمتي وعلماء وجمهور,Appeal_to_Authority,
1935,البلدين وقعا ايار الماضي اتفاقان غطيا سنويا تقدم بموجبه ايران الى سوريا مليون طن النفط مجانا مساهمه المجهود الحربي السوري ضد اسرائيل,other-nonpropaganda,
1936,تبيعها مليوني طن بالسعر حددته منظمه البلدان المصدره للنفط اوبيك لمجزره مخيمي صبرا وشاتيلا,other-nonpropaganda,
1937,ودعت الى مزيد اليقظه والوحده اطراف الصف الوطني والاسلامي لتفويت الفرصه العدو الصهيوني وعملائه الوصول الى غايتهم تفتيت الصفوف,Appeal_to_Authority,
1938,واستنكر الامين العام التجمع عكار السيد وجيه البعريني محاوله اغتيال البزري وصبرا ودعا الى توحيد القوى الوطنيه والمواظبه لمواجهه الهجمه الشرسه تهدف الى تفجير الرموز,Appeal_to_Authority,
1939,السفاره الاردنيه الذكرى الخامسه لمجزره صبرا وشاتيلا دعت تنظيمات لبنانيه وفلسطينيه الى انهاء حرب المخيمات ومواصله الكفاح المسلح ضد اسرائيل,Appeal_to_Authority,
1940,السفاره الايرانيه احيت شاتيلا ذكرى المجزره واحداث مكه ذكرى اربعين شهداء مجزره مكه والذكرى الخامسه لمجزره صبرا وشاتيلا,Appeal_to_Authority,
1941,اقامت سفاره جمهوريه ايران الاسلاميه مهرجانا خطابيا مخيم وفي معلومات وزعتها السفاره ان ابناء المخيم استقبلوا اركانها بمسيره ترحيب رفعت شعارات وهتافات ايران ايران فكوا عنا الحصار,Appeal_to_Authority,
1942,الذكرى الخامسه انياء حزب الله,other-nonpropaganda,
1943,الذكرى الخامسه لمجزره صبرا وشاتيلا اقيمت ندوات ومهرجانات المخيمات الفلسطينيه وصدرت بيانات نددت بالمجزره وحضت مبادره رئيس حركه امل الوزير نبيه بري لانهاء حرب المخيمات,other-nonpropaganda,
1944,اصدرت حركه فتح اقليم لبنان بيانا ذكرى مجزره صبرا وشاتيلا اكدت ان هول الجريمه وبشاعه المجزره جعلانا نؤمن ايمانا راسخا بضروره ان نمتلك وسائل الدفاع النفس لئلا نسحق تحت اقدام المجرمين يقيمون وزنا للقانون للاخلاق,Appeal_to_Authority,
1945,وعرض الشيخ عبد الله الحلاق المحطات التاريخيه التي مرت القضيه الفلسطينيه الى ان حصل الاجتياح ومجزره صبرا وشاتيلا,Appeal_to_Authority,
1946,ولفت الى ان الحكام عروشهم والشعوب ضريبه الدم غاليا ان يعلموا ان الدماء ستهز الارض تحتهم هزت الارض تحت الصهاينه الغزاه جنوب لبنان,Appeal_to_Authority,
1947,وقال الدكتور علي عمار ان مجزره صبرا وشاتيلا لم تكن الاولى تاريخ امتنا فالمجازر ارتكبت ضد المسلمين البلد بتواطئ وبانفسنا وبتخاذل منا وتامر,Appeal_to_Authority,
1948,واعتبر ان المقاومه الاسلاميه بالرد المباشر المؤامره الكبرى والمجزره المشؤومه,Appeal_to_Authority,
1949,جيش لبنان الجنوبي,other-nonpropaganda,
1950,واصدرت افواج المقاومه اللبنانيه امل بيانا اعلنت ان مجموعه الشهيد مصطفى غدار المقاومه المؤمنه كمنت صباح اليوم ذكرى مجزره صبرا وشاتيلا ووفاه الامام زين العابدين لدوريه مشاه تابعه لجيش العميل لحد طريق الرادار القطاع الاوسط وامطرتها بالرمايات اسلحه خفيفه ومتوسطه وقذائف صاروخيه فسقط افرادها قتيل وجريح,Appeal_to_Authority,
1951,القدس رويترز اعلن ناطق عسكري القوات الاسرائيليه قتل مسلحين اثنين امس اشتباك طرف الحزام الامني,Appeal_to_Authority,
1952,اظهرت الصفوف الاسرائيليه بيروت اثناء مجزره صبرا وشاتيلا,other-nonpropaganda,
